tipo;cod_escola;escola;bairro;qtd_alunos;escola_climatizada;quadra_coberta;quadra_descoberta;biblioteca;sala_recurso;ano_origem
ESCOLA MUNICIPAL;90;ALMIRANTE SOARES DUTRA;CABANGA;387;SIM;NÃO;NÃO;SIM;SIM;2021
ESCOLA MUNICIPAL;289;CIDADAO HERBERT DE SOUZA;SANTO AMARO;207;NÂO;NÃO;NÃO;NÃO;SIM;2021
ESCOLA MUNICIPAL;256;DO COQUE;ILHA JOANA BEZERRA;598;NÂO;NÃO;NÃO;SIM;SIM;2021
ESCOLA MUNICIPAL;91;DOS COELHOS;COELHOS;763;NÂO;NÃO;NÃO;SIM;SIM;2021
ESCOLA MUNICIPAL;384;FREI TADEU GLASER;SANTO AMARO;138;NÂO;NÃO;NÃO;SIM;NÃO;2021
ESCOLA MUNICIPAL;104;GENERAL EMIDIO DANTAS BARRETO;SANTO AMARO;341;NÂO;NÃO;SIM;SIM;SIM;2021
ESCOLA MUNICIPAL;282;LUTADORES DO BEM;SANTO AMARO;277;NÂO;NÃO;NÃO;SIM;SIM;2021
ESCOLA MUNICIPAL;312;NOSSA SENHORA DO PILAR;RECIFE;171;NÂO;NÃO;SIM;SIM;SIM;2021
ESCOLA MUNICIPAL;922;NOVO MANGUE;ILHA JOANA BEZERRA;419;NÂO;NÃO;SIM;SIM;SIM;2021
ESCOLA MUNICIPAL;66;PEDRO AUGUSTO;BOA VISTA;387;SIM;SIM;NÃO;SIM;SIM;2021
ESCOLA MUNICIPAL;4;PROFESSOR JOSE DA COSTA PORTO;ILHA JOANA BEZERRA;782;NÂO;SIM;NÃO;SIM;SIM;2021
ESCOLA MUNICIPAL;935;PROFESSOR JOSUE DE CASTRO;ILHA JOANA BEZERRA;249;NÂO;NÃO;NÃO;NÃO;NÃO;2021
ESCOLA MUNICIPAL;1;REITOR JOAO ALFREDO;ILHA DO LEITE;330;NÂO;SIM;NÃO;SIM;SIM;2021
ESCOLA MUNICIPAL;189;SANTO AMARO;SANTO AMARO;527;NÂO;NÃO;NÃO;SIM;SIM;2021
ESCOLA MUNICIPAL;93;SEDE DA SABEDORIA;SANTO AMARO;510;NÂO;NÃO;NÃO;SIM;SIM;2021
ESCOLA MUNICIPAL;95;SITIO DO CEU;SANTO AMARO;185;SIM;NÃO;NÃO;NÃO;SIM;2021
ESCOLA MUNICIPAL;111;ALDA ROMEU;AGUA FRIA;338;NÂO;NÃO;NÃO;SIM;SIM;2021
ESCOLA MUNICIPAL;187;ALTO DO MARACANA;DOIS UNIDOS;446;NÂO;NÃO;NÃO;SIM;NÃO;2021
ESCOLA MUNICIPAL;321;ALTO DO PASCOAL;AGUA FRIA;554;NÂO;NÃO;SIM;SIM;SIM;2021
ESCOLA MUNICIPAL;237;ALTO SANTA TEREZINHA;AGUA FRIA;617;SIM;NÃO;NÃO;SIM;SIM;2021
ESCOLA MUNICIPAL;54;ANA MAURICIA WANDERLEY;AGUA FRIA;237;NÂO;NÃO;NÃO;NÃO;NÃO;2021
ESCOLA MUNICIPAL;258;ANITA PAES BARRETO;FUNDAO;122;NÂO;NÃO;NÃO;SIM;SIM;2021
ESCOLA MUNICIPAL;7;ANTONIO HERACLIO DO REGO;AGUA FRIA;485;SIM;SIM;NÃO;SIM;SIM;2021
ESCOLA MUNICIPAL;86;ANTONIO LUIZ;AGUA FRIA;109;SIM;NÃO;NÃO;NÃO;NÃO;2021
ESCOLA MUNICIPAL;458;ANTONIO LUIZ - ANEXO I;CAMPINA DO BARRETO;51;NÂO;NÃO;NÃO;SIM;NÃO;2021
ESCOLA MUNICIPAL;44;ANTONIO TIBURCIO;ALTO SANTA TEREZINHA;166;NÂO;NÃO;NÃO;SIM;NÃO;2021
ESCOLA MUNICIPAL;924;CAMPINA DO BARRETO;CAJUEIRO;349;NÂO;NÃO;NÃO;SIM;SIM;2021
ESCOLA MUNICIPAL;400;COMPOSITOR CAPIBA;TORREAO;146;SIM;NÃO;NÃO;NÃO;SIM;2021
ESCOLA MUNICIPAL;61;COMPOSITOR LEVINO FERREIRA;BOMBA DO HEMETERIO;219;SIM;NÃO;NÃO;NÃO;NÃO;2021
ESCOLA MUNICIPAL;923;DE AGUA FRIA;CAMPINA DO BARRETO;123;NÂO;NÃO;NÃO;SIM;SIM;2021
ESCOLA MUNICIPAL;493;DE AGUA FRIA - ANEXO;CAMPINA DO BARRETO;143;NÂO;NÃO;NÃO;NÃO;NÃO;2021
ESCOLA MUNICIPAL;936;DE BEBERIBE;BEBERIBE;176;SIM;NÃO;NÃO;SIM;SIM;2021
ESCOLA MUNICIPAL;176;DEUS E AMOR;AGUA FRIA;117;SIM;NÃO;NÃO;NÃO;NÃO;2021
ESCOLA MUNICIPAL;960;DEUS E AMOR - ANEXO I;AGUA FRIA;72;NÂO;NÃO;NÃO;NÃO;NÃO;2021
ESCOLA MUNICIPAL;949;ENGENHEIRO EDINALDO MIRANDA DE OLIVEIRA;ENCRUZILHADA;189;NÂO;NÃO;NÃO;NÃO;NÃO;2021
ESCOLA MUNICIPAL;385;IRMA TEREZINHA BATISTA - ANEXO I;CAMPINA DO BARRETO;122;NÂO;NÃO;NÃO;NÃO;NÃO;2021
ESCOLA MUNICIPAL;99;IRMA TEREZINHA BATISTA - PROJ NOVO VIVER;CAMPINA DO BARRETO;229;NÂO;NÃO;NÃO;NÃO;SIM;2021
ESCOLA MUNICIPAL;999;JOAO AMAZONAS;DOIS UNIDOS;142;NÂO;NÃO;NÃO;SIM;NÃO;2021
ESCOLA MUNICIPAL;60;JOSEFINA MARINHO;ALTO JOSE BONIFACIO;184;NÂO;NÃO;NÃO;SIM;NÃO;2021
ESCOLA MUNICIPAL;966;LADJANE BANDEIRA;AGUA FRIA;84;NÂO;NÃO;NÃO;NÃO;NÃO;2021
ESCOLA MUNICIPAL;55;LUIZ LUA GONZAGA;BOMBA DO HEMETERIO;229;SIM;NÃO;NÃO;SIM;SIM;2021
ESCOLA MUNICIPAL;42;MANOEL ANTONIO DE FREITAS;ALTO SANTA TEREZINHA;241;NÂO;NÃO;NÃO;NÃO;NÃO;2021
ESCOLA MUNICIPAL;12;MARIO MELO;CAMPO GRANDE;784;NÂO;NÃO;SIM;SIM;SIM;2021
ESCOLA MUNICIPAL;47;MONSENHOR VIANA;BEBERIBE;334;NÂO;NÃO;NÃO;SIM;NÃO;2021
ESCOLA MUNICIPAL;6;MONTEIRO LOBATO;PEIXINHOS;323;NÂO;NÃO;NÃO;SIM;SIM;2021
ESCOLA MUNICIPAL;59;NOVA AURORA;AGUA FRIA;128;NÂO;NÃO;NÃO;NÃO;NÃO;2021
ESCOLA MUNICIPAL;46;NOVO HORIZONTE;AGUA FRIA;290;SIM;NÃO;NÃO;SIM;SIM;2021
ESCOLA MUNICIPAL;13;OLINDINA MONTEIRO DE OLIVEIRA FRANCA;DOIS UNIDOS;490;NÂO;NÃO;SIM;SIM;SIM;2021
ESCOLA MUNICIPAL;131;PASTOR PAULO LEIVAS MACALAO;LINHA DO TIRO;452;NÂO;NÃO;NÃO;NÃO;SIM;2021
ESCOLA MUNICIPAL;9;PAULO VI;LINHA DO TIRO;538;NÂO;NÃO;SIM;SIM;NÃO;2021
ESCOLA MUNICIPAL;446;POETA JONATAS BRAGA;CAMPO GRANDE;152;NÂO;NÃO;NÃO;NÃO;NÃO;2021
ESCOLA MUNICIPAL;957;POETA SOLANO TRINDADE;AGUA FRIA;375;SIM;NÃO;NÃO;SIM;SIM;2021
ESCOLA MUNICIPAL;346;PROF JANDIRA BOTELHO PEREIRA DA COSTA;CAMPO GRANDE;698;NÂO;NÃO;NÃO;SIM;SIM;2021
ESCOLA MUNICIPAL;332;PROFESSOR RICARDO GAMA;LINHA DO TIRO;606;NÂO;NÃO;SIM;SIM;SIM;2021
ESCOLA MUNICIPAL;379;PROFESSORA HELIA MARIA PEREIRA;CAMPO GRANDE;124;NÂO;NÃO;NÃO;NÃO;NÃO;2021
ESCOLA MUNICIPAL;96;SANTA CECILIA;CAMPO GRANDE;376;SIM;NÃO;NÃO;SIM;SIM;2021
ESCOLA MUNICIPAL;56;SAO JOAO BATISTA;LINHA DO TIRO;334;NÂO;NÃO;NÃO;SIM;SIM;2021
ESCOLA MUNICIPAL;285;SERVICO SOCIAL DE BELEM;ENCRUZILHADA;99;NÂO;NÃO;NÃO;NÃO;NÃO;2021
ESCOLA MUNICIPAL;113;ALTO DA GUABIRABA;BREJO DA GUABIRABA;196;SIM;SIM;NÃO;SIM;SIM;2021
ESCOLA MUNICIPAL;251;ALTO DO REFUGIO - IVAN NEVES;BREJO DE BEBERIBE;138;SIM;NÃO;NÃO;NÃO;NÃO;2021
ESCOLA MUNICIPAL;311;ALTO DO REFUGIO - IVAN NEVES - ANEXO I;BREJO DE BEBERIBE;83;SIM;NÃO;NÃO;NÃO;NÃO;2021
ESCOLA MUNICIPAL;115;ALTO JARDIM PROGRESSO;NOVA DESCOBERTA;279;NÂO;NÃO;NÃO;SIM;SIM;2021
ESCOLA MUNICIPAL;406;ALTO JARDIM PROGRESSO - ANEXO I;NOVA DESCOBERTA;76;NÂO;NÃO;NÃO;NÃO;SIM;2021
ESCOLA MUNICIPAL;378;ANEXA CASA AMARELA;MACAXEIRA;153;NÂO;NÃO;NÃO;SIM;NÃO;2021
ESCOLA MUNICIPAL;448;ARQUITETO ALEXANDRE MUNIZ DE OLIVEIRA;CORREGO DO JENIPAPO;291;SIM;NÃO;NÃO;SIM;NÃO;2021
ESCOLA MUNICIPAL;63;BOA ESPERANCA;VASCO DA GAMA;285;NÂO;NÃO;NÃO;NÃO;NÃO;2021
ESCOLA MUNICIPAL;427;BOLA NA REDE;GUABIRABA;385;NÂO;NÃO;NÃO;NÃO;SIM;2021
ESCOLA MUNICIPAL;382;CECILIA MEIRELLES;MACAXEIRA;175;SIM;NÃO;NÃO;NÃO;NÃO;2021
ESCOLA MUNICIPAL;420;CHICO SCIENCE;VASCO DA GAMA;114;NÂO;NÃO;NÃO;NÃO;NÃO;2021
ESCOLA MUNICIPAL;120;CORREGO DA AREIA;NOVA DESCOBERTA;190;NÂO;NÃO;NÃO;NÃO;NÃO;2021
ESCOLA MUNICIPAL;58;CORREGO DA BICA;PASSARINHO;286;NÂO;NÃO;NÃO;SIM;NÃO;2021
ESCOLA MUNICIPAL;342;CORREGO DO EUCLIDES;MORRO DA CONCEICAO;286;NÂO;NÃO;NÃO;SIM;SIM;2021
ESCOLA MUNICIPAL;996;DA GUABIRABA;BREJO DA GUABIRABA;397;NÂO;NÃO;NÃO;SIM;SIM;2021
ESCOLA MUNICIPAL;203;DA GUABIRABA ANEXO II;BREJO DA GUABIRABA;110;NÂO;NÃO;NÃO;NÃO;NÃO;2021
ESCOLA MUNICIPAL;52;DA MANGABEIRA;MANGABEIRA;363;SIM;NÃO;NÃO;SIM;SIM;2021
ESCOLA MUNICIPAL;414;DE ALTAS HABILIDADES E SUPERDOTACAO;TAMARINEIRA;0;NÂO;NÃO;NÃO;NÃO;NÃO;2021
ESCOLA MUNICIPAL;310;DE CASA AMARELA;NOVA DESCOBERTA;270;NÂO;NÃO;NÃO;SIM;SIM;2021
ESCOLA MUNICIPAL;413;DE SURDOCEGUEIRA E DEFICIENCIA MULTIPLA;TAMARINEIRA;0;NÂO;NÃO;NÃO;NÃO;NÃO;2021
ESCOLA MUNICIPAL;412;DE TRANSTORNO GLOBAL DO DESENVOLVIMENTO;TAMARINEIRA;0;NÂO;NÃO;NÃO;NÃO;NÃO;2021
ESCOLA MUNICIPAL;261;DEP FERNANDO SAMPAIO ANX I ANTONIO FELIX;NOVA DESCOBERTA;157;NÂO;NÃO;NÃO;NÃO;NÃO;2021
ESCOLA MUNICIPAL;255;DEPUTADO FERNANDO SAMPAIO;NOVA DESCOBERTA;181;NÂO;NÃO;NÃO;NÃO;NÃO;2021
ESCOLA MUNICIPAL;968;DIACONO ABEL GUEIROS;MACAXEIRA;366;NÂO;NÃO;NÃO;NÃO;NÃO;2021
ESCOLA MUNICIPAL;92;DOM HELDER CAMARA;ESPINHEIRO;299;NÂO;NÃO;SIM;SIM;SIM;2021
ESCOLA MUNICIPAL;77;DOM JOSE LAMARTINE SOARES;VASCO DA GAMA;280;NÂO;NÃO;NÃO;NÃO;NÃO;2021
ESCOLA MUNICIPAL;277;DOM JOSE LAMARTINE SOARES - ANEXO I CVC;VASCO DA GAMA;103;NÂO;NÃO;NÃO;NÃO;NÃO;2021
ESCOLA MUNICIPAL;57;DOUTOR CAETE;NOVA DESCOBERTA;304;NÂO;NÃO;NÃO;SIM;NÃO;2021
ESCOLA MUNICIPAL;45;DRAOMIRO CHAVES AGUIAR;CASA AMARELA;457;NÂO;NÃO;NÃO;SIM;SIM;2021
ESCOLA MUNICIPAL;71;HISTORIADOR FLAVIO GUERRA;PASSARINHO;159;SIM;NÃO;NÃO;NÃO;NÃO;2021
ESCOLA MUNICIPAL;313;HISTORIADOR FLAVIO GUERRA - ANEXO I;PASSARINHO;174;SIM;NÃO;NÃO;NÃO;SIM;2021
ESCOLA MUNICIPAL;389;JULIO VICENTE ALVES DE ARAU ANX I CERVAC;MORRO DA CONCEICAO;0;NÂO;NÃO;NÃO;NÃO;SIM;2021
ESCOLA MUNICIPAL;80;JULIO VICENTE ALVES DE ARAUJO;MORRO DA CONCEICAO;234;NÂO;NÃO;NÃO;NÃO;NÃO;2021
ESCOLA MUNICIPAL;62;MARGARIDA DE SIQUEIRA PESSOA;ALTO JOSE BONIFACIO;286;NÂO;NÃO;NÃO;SIM;NÃO;2021
ESCOLA MUNICIPAL;333;MARLUCE SANTIAGO DA SILVA;PASSARINHO;416;SIM;NÃO;NÃO;NÃO;SIM;2021
ESCOLA MUNICIPAL;955;MARLUCE SANTIAGO DA SILVA - ANEXO I;PASSARINHO;100;SIM;NÃO;NÃO;NÃO;NÃO;2021
ESCOLA MUNICIPAL;79;MAURICIO DE NASSAU;ALTO DO MANDU;229;NÂO;NÃO;NÃO;SIM;NÃO;2021
ESCOLA MUNICIPAL;27;MUNDO ESPERANCA;SITIO DOS PINTOS;320;NÂO;NÃO;NÃO;NÃO;NÃO;2021
ESCOLA MUNICIPAL;78;NADIR COLACO;MACAXEIRA;457;NÂO;NÃO;SIM;SIM;SIM;2021
ESCOLA MUNICIPAL;206;NOVA DESCOBERTA;PASSARINHO;464;NÂO;NÃO;NÃO;SIM;SIM;2021
ESCOLA MUNICIPAL;48;OCTAVIO DE MEIRA LINS;VASCO DA GAMA;751;NÂO;NÃO;SIM;SIM;SIM;2021
ESCOLA MUNICIPAL;145;PADRE ANTONIO HENRIQUE;DERBY;427;SIM;NÃO;NÃO;SIM;NÃO;2021
ESCOLA MUNICIPAL;405;PADRE ANTONIO HENRIQUE ANEXO I;BOA VISTA;115;SIM;NÃO;SIM;SIM;NÃO;2021
ESCOLA MUNICIPAL;288;PEDRINHO;NOVA DESCOBERTA;121;NÂO;NÃO;NÃO;NÃO;NÃO;2021
ESCOLA MUNICIPAL;97;PEDRO ALCANTARA;CORREGO DO JENIPAPO;148;NÂO;NÃO;NÃO;NÃO;NÃO;2021
ESCOLA MUNICIPAL;51;POETA JOAQUIM CARDOSO;NOVA DESCOBERTA;739;NÂO;NÃO;NÃO;SIM;NÃO;2021
ESCOLA MUNICIPAL;318;PRESBITERO JOSE BEZERRA;MACAXEIRA;391;NÂO;NÃO;NÃO;SIM;SIM;2021
ESCOLA MUNICIPAL;21;PROFESSOR ADERBAL GALVAO;VASCO DA GAMA;490;NÂO;NÃO;NÃO;NÃO;NÃO;2021
ESCOLA MUNICIPAL;376;PROFESSOR JOSE SOARES DA SILVA;NOVA DESCOBERTA;331;NÂO;NÃO;NÃO;SIM;NÃO;2021
ESCOLA MUNICIPAL;22;PROFESSOR MAURO MOTA;NOVA DESCOBERTA;458;NÂO;NÃO;NÃO;NÃO;NÃO;2021
ESCOLA MUNICIPAL;50;PROFESSOR MOACYR DE ALBUQUERQUE;NOVA DESCOBERTA;308;NÂO;NÃO;NÃO;NÃO;SIM;2021
ESCOLA MUNICIPAL;132;PROFESSOR NILO PEREIRA;CASA AMARELA;338;SIM;SIM;NÃO;SIM;SIM;2021
ESCOLA MUNICIPAL;423;PROFESSOR NILO PEREIRA ANEXO APAE;MONTEIRO;0;NÂO;SIM;NÃO;SIM;SIM;2021
ESCOLA MUNICIPAL;17;PROFESSORA ALMERINDA UMBELINO DE BARROS;VASCO DA GAMA;796;SIM;NÃO;SIM;SIM;SIM;2021
ESCOLA MUNICIPAL;252;RENATO ACCIOLY CARNEIRO CAMPOS;NOVA DESCOBERTA;164;NÂO;NÃO;NÃO;SIM;SIM;2021
ESCOLA MUNICIPAL;401;ROZEMAR DE MACEDO LIMA;MORRO DA CONCEICAO;416;NÂO;NÃO;NÃO;SIM;SIM;2021
ESCOLA MUNICIPAL;5;SANTA MARIA;ALTO JOSE DO PINHO;691;NÂO;NÃO;NÃO;NÃO;SIM;2021
ESCOLA MUNICIPAL;265;SANTA MARIA GORETTI;VASCO DA GAMA;336;SIM;NÃO;NÃO;SIM;SIM;2021
ESCOLA MUNICIPAL;11;SAO CRISTOVAO;BREJO DA GUABIRABA;558;SIM;SIM;NÃO;SIM;SIM;2021
ESCOLA MUNICIPAL;306;SEVERINA LIRA;TAMARINEIRA;204;NÂO;SIM;NÃO;SIM;SIM;2021
ESCOLA MUNICIPAL;23;SOCIOLOGO GILBERTO FREYRE;DOIS IRMAOS;500;NÂO;NÃO;NÃO;NÃO;SIM;2021
ESCOLA MUNICIPAL;85;VIRGEM PODEROSA;PARNAMIRIM;322;NÂO;NÃO;NÃO;SIM;SIM;2021
ESCOLA MUNICIPAL;3;ARRAIAL NOVO DO BOM JESUS;TORROES;758;NÂO;NÃO;SIM;SIM;SIM;2021
ESCOLA MUNICIPAL;190;CASARAO DO BARBALHO;IPUTINGA;438;NÂO;NÃO;SIM;SIM;SIM;2021
ESCOLA MUNICIPAL;39;CELIA ARRAES;VARZEA;332;NÂO;NÃO;NÃO;SIM;SIM;2021
ESCOLA MUNICIPAL;36;CREUSA DE FREITAS CAVALCANTI;TORROES;633;NÂO;NÃO;NÃO;SIM;NÃO;2021
ESCOLA MUNICIPAL;19;DA IPUTINGA;IPUTINGA;630;NÂO;NÃO;NÃO;SIM;SIM;2021
ESCOLA MUNICIPAL;334;DARCY RIBEIRO;CORDEIRO;600;NÂO;SIM;NÃO;SIM;SIM;2021
ESCOLA MUNICIPAL;340;DINA DE OLIVEIRA;IPUTINGA;742;NÂO;SIM;NÃO;SIM;SIM;2021
ESCOLA MUNICIPAL;18;DIVINO ESPIRITO SANTO;VARZEA;419;SIM;SIM;SIM;SIM;SIM;2021
ESCOLA MUNICIPAL;139;DO DOM;VARZEA;181;SIM;NÃO;NÃO;SIM;NÃO;2021
ESCOLA MUNICIPAL;68;DOS TORROES;TORROES;192;SIM;NÃO;NÃO;NÃO;NÃO;2021
ESCOLA MUNICIPAL;292;DOUTOR EBENEZER GUEIROS;IPUTINGA;447;NÂO;SIM;NÃO;SIM;SIM;2021
ESCOLA MUNICIPAL;49;DOUTOR RODOLFO AURELIANO;VARZEA;658;NÂO;SIM;NÃO;SIM;SIM;2021
ESCOLA MUNICIPAL;440;DOUTOR SAMUEL GONCALVES;PRADO;188;SIM;NÃO;NÃO;NÃO;NÃO;2021
ESCOLA MUNICIPAL;41;ENGENHO DO MEIO;ENGENHO DO MEIO;708;SIM;NÃO;SIM;SIM;SIM;2021
ESCOLA MUNICIPAL;75;HENFIL;VARZEA;197;SIM;NÃO;NÃO;SIM;SIM;2021
ESCOLA MUNICIPAL;938;JADER FIGUEIREDO DE ANDRADE SILVA;ENGENHO DO MEIO;258;SIM;NÃO;NÃO;NÃO;SIM;2021
ESCOLA MUNICIPAL;391;JADER FIGUEIREDO DE ANDRADE SILVA - ANEX;ENGENHO DO MEIO;145;NÂO;NÃO;NÃO;NÃO;NÃO;2021
ESCOLA MUNICIPAL;297;JOAO PESSOA GUERRA;VARZEA;235;NÂO;NÃO;NÃO;NÃO;SIM;2021
ESCOLA MUNICIPAL;20;JOAO XXIII;IPUTINGA;442;NÂO;NÃO;NÃO;SIM;SIM;2021
ESCOLA MUNICIPAL;40;MAGALHAES BASTOS;VARZEA;612;NÂO;NÃO;NÃO;SIM;SIM;2021
ESCOLA MUNICIPAL;380;MERCIA DE ALBUQUERQUE FERREIRA;ILHA DO RETIRO;360;NÂO;NÃO;NÃO;SIM;SIM;2021
ESCOLA MUNICIPAL;137;NOVA MORADA;CAXANGA;141;SIM;NÃO;NÃO;SIM;NÃO;2021
ESCOLA MUNICIPAL;395;NOVA MORADA - ANEXO I;CAXANGA;263;SIM;NÃO;NÃO;NÃO;NÃO;2021
ESCOLA MUNICIPAL;441;PAPA JOAO XXIII;ENGENHO DO MEIO;203;SIM;NÃO;NÃO;SIM;NÃO;2021
ESCOLA MUNICIPAL;443;PAROQUIAL CRISTO REI;TORRE;259;NÂO;SIM;NÃO;SIM;NÃO;2021
ESCOLA MUNICIPAL;67;PROF ELIZABETH SALES COUTINHO BARROS;TORROES;257;NÂO;NÃO;NÃO;NÃO;NÃO;2021
ESCOLA MUNICIPAL;347;PROFESSOR JOAO BATISTA LIPPO NETO;VARZEA;187;NÂO;NÃO;NÃO;SIM;SIM;2021
ESCOLA MUNICIPAL;365;PROFESSOR JOAO FRANCISCO DE SOUZA;VARZEA;395;NÂO;NÃO;NÃO;SIM;SIM;2021
ESCOLA MUNICIPAL;444;SAO DOMINGOS;IPUTINGA;337;SIM;NÃO;NÃO;NÃO;SIM;2021
ESCOLA MUNICIPAL;38;SENADOR JOSE ERMIRIO DE MORAES;VARZEA;371;NÂO;NÃO;NÃO;SIM;SIM;2021
ESCOLA MUNICIPAL;964;SITIO DO BERARDO;MADALENA;165;SIM;NÃO;NÃO;NÃO;SIM;2021
ESCOLA MUNICIPAL;442;SOLDADO JOSE ANTONIO DO NASCIMENTO;MADALENA;140;SIM;NÃO;NÃO;NÃO;NÃO;2021
ESCOLA MUNICIPAL;481;SOLDADO JOSE ANTONIO DO NASCIMENTO ANEXO;MADALENA;0;NÂO;SIM;NÃO;SIM;NÃO;2021
ESCOLA MUNICIPAL;331;VILA SANTA LUZIA;CORDEIRO;545;NÂO;NÃO;NÃO;SIM;NÃO;2021
ESCOLA MUNICIPAL;34;ZUMBI DOS PALMARES;VARZEA;550;NÂO;NÃO;NÃO;NÃO;SIM;2021
ESCOLA MUNICIPAL;962;ALTO DA BELA VISTA;COQUEIRAL;112;NÂO;NÃO;NÃO;NÃO;NÃO;2021
ESCOLA MUNICIPAL;411;ALTO DA BELA VISTA - ANEXO I;COQUEIRAL;89;NÂO;NÃO;NÃO;NÃO;NÃO;2021
ESCOLA MUNICIPAL;102;ANDRE DE MELO;ESTANCIA;688;NÂO;NÃO;NÃO;SIM;SIM;2021
ESCOLA MUNICIPAL;14;ANTONIO FARIAS FILHO;SAN MARTIN;841;NÂO;SIM;NÃO;SIM;SIM;2021
ESCOLA MUNICIPAL;100;BALBINA MENELAU;JARDIM SAO PAULO;395;NÂO;NÃO;SIM;SIM;SIM;2021
ESCOLA MUNICIPAL;73;CASA DOS FERROVIARIOS;COQUEIRAL;449;NÂO;NÃO;NÃO;SIM;SIM;2021
ESCOLA MUNICIPAL;974;CHICO MENDES;AREIAS;436;SIM;NÃO;NÃO;SIM;SIM;2021
ESCOLA MUNICIPAL;2;DE TEJIPIO;COQUEIRAL;534;NÂO;NÃO;NÃO;SIM;SIM;2021
ESCOLA MUNICIPAL;948;DO BARRO;BARRO;205;NÂO;NÃO;NÃO;SIM;SIM;2021
ESCOLA MUNICIPAL;927;DO PANTANAL;COHAB;155;SIM;NÃO;NÃO;NÃO;NÃO;2021
ESCOLA MUNICIPAL;952;DO PANTANAL - ANEXO I;BARRO;137;SIM;NÃO;NÃO;NÃO;NÃO;2021
ESCOLA MUNICIPAL;995;DO PANTANAL - ANEXO II;BARRO;75;SIM;NÃO;NÃO;NÃO;NÃO;2021
ESCOLA MUNICIPAL;950;DO SANCHO;SANCHO;409;NÂO;NÃO;NÃO;SIM;SIM;2021
ESCOLA MUNICIPAL;29;DOM BOSCO;JARDIM SAO PAULO;522;NÂO;NÃO;SIM;SIM;SIM;2021
ESCOLA MUNICIPAL;84;DOS REMEDIOS;PRADO;471;NÂO;SIM;NÃO;SIM;SIM;2021
ESCOLA MUNICIPAL;89;DOUTOR ANTONIO CORREIA;BARRO;212;NÂO;NÃO;NÃO;SIM;NÃO;2021
ESCOLA MUNICIPAL;291;EDITE BRAGA;AFOGADOS;384;NÂO;NÃO;NÃO;SIM;SIM;2021
ESCOLA MUNICIPAL;602;ESCOLA SANTA LUZIA;ESTANCIA;115;NÂO;NÃO;NÃO;NÃO;NÃO;2021
ESCOLA MUNICIPAL;76;GENERAL SAN MARTIN;SAN MARTIN;417;NÂO;NÃO;NÃO;SIM;SIM;2021
ESCOLA MUNICIPAL;917;GOVERNADOR MIGUEL ARRAES DE ALENCAR;ESTANCIA;515;SIM;SIM;NÃO;SIM;SIM;2021
ESCOLA MUNICIPAL;24;HUGO GERDAU;SAN MARTIN;503;SIM;NÃO;NÃO;SIM;SIM;2021
ESCOLA MUNICIPAL;371;ISAAC PEREIRA DA SILVA;AREIAS;313;SIM;NÃO;NÃO;SIM;SIM;2021
ESCOLA MUNICIPAL;304;JARDIM UCHOA;AREIAS;256;SIM;NÃO;SIM;NÃO;SIM;2021
ESCOLA MUNICIPAL;101;MANOEL ROLIM;JARDIM SAO PAULO;127;NÂO;NÃO;NÃO;NÃO;SIM;2021
ESCOLA MUNICIPAL;941;MANOEL ROLIM - ANEXO I;JARDIM SAO PAULO;100;NÂO;NÃO;NÃO;NÃO;SIM;2021
ESCOLA MUNICIPAL;98;PADRE JOSE DE ANCHIETA;MUSTARDINHA;607;SIM;NÃO;SIM;SIM;SIM;2021
ESCOLA MUNICIPAL;72;PADRE JOSE MATHIAS DELGADO;JARDIM SAO PAULO;486;NÂO;SIM;NÃO;NÃO;SIM;2021
ESCOLA MUNICIPAL;354;PARQUE DOS MILAGRES;BARRO;216;NÂO;NÃO;NÃO;NÃO;NÃO;2021
ESCOLA MUNICIPAL;419;PARQUE DOS MILAGRES - ANEXO II;BARRO;251;NÂO;NÃO;NÃO;NÃO;NÃO;2021
ESCOLA MUNICIPAL;972;POETA CARLOS PENA FILHO;JARDIM SAO PAULO;318;NÂO;NÃO;NÃO;NÃO;NÃO;2021
ESCOLA MUNICIPAL;335;PROFESSOR ANTONIO DE BRITO ALVES;MUSTARDINHA;818;NÂO;SIM;NÃO;SIM;NÃO;2021
ESCOLA MUNICIPAL;339;PROFESSOR POTIGUAR MATOS;SAN MARTIN;410;NÂO;NÃO;NÃO;SIM;SIM;2021
ESCOLA MUNICIPAL;64;PROFESSORA MARIA DA PAZ BRANDAO ALVES;SANCHO;599;NÂO;NÃO;SIM;SIM;SIM;2021
ESCOLA MUNICIPAL;290;PROFESSORA PRIMITIVA DE BARROS SILVA;JARDIM SAO PAULO;228;NÂO;NÃO;NÃO;SIM;NÃO;2021
ESCOLA MUNICIPAL;269;SANTA EDWIGES;AFOGADOS;161;SIM;NÃO;NÃO;NÃO;NÃO;2021
ESCOLA MUNICIPAL;81;SANTO ANTONIO DO CACOTE;AREIAS;197;SIM;NÃO;NÃO;NÃO;NÃO;2021
ESCOLA MUNICIPAL;83;VILA SAO MIGUEL;AFOGADOS;397;SIM;NÃO;NÃO;SIM;SIM;2021
ESCOLA MUNICIPAL;182;WALDEMAR VALENTE;CURADO;330;SIM;NÃO;SIM;SIM;SIM;2021
ESCOLA MUNICIPAL;146;ABILIO GOMES;BOA VIAGEM;315;NÂO;NÃO;NÃO;NÃO;NÃO;2021
ESCOLA MUNICIPAL;144;ARTISTA PLASTICO CICERO DIAS;COHAB;85;NÂO;NÃO;NÃO;NÃO;NÃO;2021
ESCOLA MUNICIPAL;967;ASA BRANCA;COHAB;338;NÂO;NÃO;SIM;SIM;NÃO;2021
ESCOLA MUNICIPAL;183;BEATO EUGENIO MAZENOD;IMBIRIBEIRA;330;SIM;NÃO;NÃO;NÃO;NÃO;2021
ESCOLA MUNICIPAL;107;CAPELA SANTO ANTONIO;IMBIRIBEIRA;151;NÂO;NÃO;NÃO;NÃO;NÃO;2021
ESCOLA MUNICIPAL;997;CARLUCIO DE SOUZA CASTANHA JUNIOR;COHAB;582;NÂO;NÃO;NÃO;SIM;SIM;2021
ESCOLA MUNICIPAL;16;CICERO FRANKLIN CORDEIRO;COHAB;665;NÂO;NÃO;SIM;SIM;SIM;2021
ESCOLA MUNICIPAL;37;CLARICE LISPECTOR;IPSEP;288;NÂO;SIM;NÃO;SIM;SIM;2021
ESCOLA MUNICIPAL;213;CRISTIANO CORDEIRO;COHAB;552;NÂO;NÃO;NÃO;SIM;SIM;2021
ESCOLA MUNICIPAL;116;DE DOIS RIOS;COHAB;306;SIM;NÃO;NÃO;SIM;NÃO;2021
ESCOLA MUNICIPAL;374;DEPUTADO EDSON CANTARELLI;IBURA;336;SIM;NÃO;NÃO;SIM;SIM;2021
ESCOLA MUNICIPAL;33;DO JORDAO;JORDAO;239;NÂO;NÃO;NÃO;SIM;NÃO;2021
ESCOLA MUNICIPAL;105;DO LEAO;BOA VIAGEM;228;NÂO;NÃO;NÃO;NÃO;NÃO;2021
ESCOLA MUNICIPAL;435;DONA LUCI SILVA LIMA;IMBIRIBEIRA;145;SIM;NÃO;NÃO;NÃO;NÃO;2021
ESCOLA MUNICIPAL;298;EDUCADOR PAULO FREIRE;IPSEP;596;NÂO;SIM;NÃO;SIM;SIM;2021
ESCOLA MUNICIPAL;28;ENGENHEIRO GUILHERME DINIZ;IBURA;489;NÂO;NÃO;NÃO;SIM;SIM;2021
ESCOLA MUNICIPAL;309;ENGENHEIRO HENOCH COUTINHO DE MELO;PINA;394;NÂO;NÃO;NÃO;SIM;SIM;2021
ESCOLA MUNICIPAL;114;ENGENHEIRO UMBERTO GONDIM;PINA;503;NÂO;NÃO;NÃO;SIM;NÃO;2021
ESCOLA MUNICIPAL;447;ESCRITOR JOSUE DE CASTRO;BRASILIA TEIMOSA;207;NÂO;NÃO;NÃO;SIM;SIM;2021
ESCOLA MUNICIPAL;249;FERNANDO SANTA CRUZ;JORDAO;132;NÂO;NÃO;NÃO;NÃO;SIM;2021
ESCOLA MUNICIPAL;245;FLORESTAN FERNANDES;IBURA;844;NÂO;NÃO;NÃO;SIM;NÃO;2021
ESCOLA MUNICIPAL;141;FUTURO FELIZ;IBURA;241;NÂO;NÃO;NÃO;NÃO;NÃO;2021
ESCOLA MUNICIPAL;926;IBURA DE BAIXO;IBURA;346;NÂO;NÃO;NÃO;NÃO;SIM;2021
ESCOLA MUNICIPAL;69;INES SOARES DE LIMA;IMBIRIBEIRA;230;SIM;NÃO;NÃO;SIM;SIM;2021
ESCOLA MUNICIPAL;148;JARDIM MAURICEIA;IMBIRIBEIRA;216;NÂO;NÃO;SIM;NÃO;SIM;2021
ESCOLA MUNICIPAL;963;JARDIM MONTE VERDE;COHAB;610;NÂO;NÃO;NÃO;SIM;SIM;2021
ESCOLA MUNICIPAL;246;JORDAO BAIXO;JORDAO;139;SIM;NÃO;NÃO;NÃO;SIM;2021
ESCOLA MUNICIPAL;954;JORDAO BAIXO - ANEXO I;JORDAO;128;SIM;NÃO;NÃO;NÃO;NÃO;2021
ESCOLA MUNICIPAL;372;JOSE MUCIO MONTEIRO;IBURA;244;NÂO;NÃO;NÃO;SIM;SIM;2021
ESCOLA MUNICIPAL;110;KARLA PATRICIA;BOA VIAGEM;654;NÂO;NÃO;NÃO;SIM;SIM;2021
ESCOLA MUNICIPAL;82;LAGOA ENCANTADA;COHAB;229;SIM;SIM;NÃO;SIM;NÃO;2021
ESCOLA MUNICIPAL;15;LUIZ VAZ DE CAMOES;IPSEP;549;NÂO;SIM;NÃO;SIM;SIM;2021
ESCOLA MUNICIPAL;956;MAESTRO NELSON FERREIRA;IBURA;138;SIM;NÃO;NÃO;SIM;NÃO;2021
ESCOLA MUNICIPAL;26;MARGARIDA SERPA COSSART;COHAB;261;NÂO;NÃO;NÃO;NÃO;NÃO;2021
ESCOLA MUNICIPAL;31;MARIA ADELAIDE DE BARROS;COHAB;346;NÂO;SIM;NÃO;NÃO;SIM;2021
ESCOLA MUNICIPAL;10;MARIA DE SAMPAIO LUCENA;COHAB;611;NÂO;SIM;NÃO;SIM;SIM;2021
ESCOLA MUNICIPAL;511;MENINO JESUS;PINA;152;NÂO;NÃO;NÃO;NÃO;SIM;2021
ESCOLA MUNICIPAL;424;MILTON ALMEIDA DOS SANTOS;IMBIRIBEIRA;140;NÂO;NÃO;NÃO;SIM;NÃO;2021
ESCOLA MUNICIPAL;150;NOSSA SENHORA DA PENHA;BOA VIAGEM;257;NÂO;NÃO;NÃO;SIM;NÃO;2021
ESCOLA MUNICIPAL;112;NOVO PINA;PINA;463;NÂO;SIM;NÃO;SIM;SIM;2021
ESCOLA MUNICIPAL;121;OSWALDO LIMA FILHO;PINA;644;NÂO;SIM;NÃO;SIM;SIM;2021
ESCOLA MUNICIPAL;70;PAIS E FILHOS;IMBIRIBEIRA;371;SIM;NÃO;NÃO;NÃO;NÃO;2021
ESCOLA MUNICIPAL;348;PASTOR JOSE MUNGUBA SOBRINHO;JORDAO;311;NÂO;NÃO;NÃO;SIM;NÃO;2021
ESCOLA MUNICIPAL;491;PAZ E AMOR;IBURA;136;NÂO;NÃO;NÃO;NÃO;NÃO;2021
ESCOLA MUNICIPAL;106;PINTOR LULA CARDOSO AYRES;JORDAO;283;NÂO;NÃO;NÃO;SIM;SIM;2021
ESCOLA MUNICIPAL;928;POETA JOAO CABRAL DE MELO NETO;PINA;330;SIM;NÃO;NÃO;NÃO;SIM;2021
ESCOLA MUNICIPAL;164;POETA PAULO BANDEIRA DA CRUZ;COHAB;541;SIM;NÃO;NÃO;NÃO;SIM;2021
ESCOLA MUNICIPAL;108;PROF JOSE LOURENCO DE LIMA;IBURA;342;NÂO;NÃO;NÃO;SIM;SIM;2021
ESCOLA MUNICIPAL;32;PROFESSOR ADAUTO PONTES;JORDAO;276;NÂO;NÃO;NÃO;NÃO;NÃO;2021
ESCOLA MUNICIPAL;336;PROFESSOR ENALDO MANOEL DE SOUZA;JORDAO;432;NÂO;NÃO;NÃO;SIM;SIM;2021
ESCOLA MUNICIPAL;373;PROFESSOR JULIO DE OLIVEIRA;IMBIRIBEIRA;447;NÂO;NÃO;SIM;SIM;SIM;2021
ESCOLA MUNICIPAL;127;PROFESSOR MANOEL TORRES;IMBIRIBEIRA;561;SIM;NÃO;NÃO;SIM;SIM;2021
ESCOLA MUNICIPAL;375;PROFESSOR ORLANDO PARAHYM;COHAB;205;NÂO;NÃO;NÃO;NÃO;NÃO;2021
ESCOLA MUNICIPAL;188;PROFESSOR SIMOES BARBOSA;IBURA;610;SIM;NÃO;NÃO;NÃO;SIM;2021
ESCOLA MUNICIPAL;341;PROFESSOR SOLANO MAGALHAES;PINA;402;NÂO;SIM;NÃO;SIM;SIM;2021
ESCOLA MUNICIPAL;88;PROFESSORA SONIA MARIA DE ARAUJO SOUZA;JORDAO;204;NÂO;NÃO;NÃO;SIM;NÃO;2021
ESCOLA MUNICIPAL;186;SAO FRANCISCO DE ASSIS;BOA VIAGEM;276;SIM;NÃO;NÃO;NÃO;NÃO;2021
ESCOLA MUNICIPAL;360;SERRA DA PRATA;COHAB;147;NÂO;NÃO;NÃO;NÃO;NÃO;2021
ESCOLA MUNICIPAL;247;SEVERINA BERNADETE TEIXEIRA;COHAB;356;SIM;NÃO;NÃO;NÃO;NÃO;2021
ESCOLA MUNICIPAL;25;TRES CARNEIROS;COHAB;323;SIM;NÃO;NÃO;SIM;NÃO;2021
ESCOLA MUNICIPAL;929;UR 05;COHAB;177;NÂO;NÃO;NÃO;NÃO;NÃO;2021
ESCOLA MUNICIPAL;103;VILA OPERARIA DO RECIFE;IBURA;334;NÂO;NÃO;NÃO;SIM;NÃO;2021
ESCOLA MUNICIPAL;30;VILA SESAMO;COHAB;719;NÂO;NÃO;NÃO;SIM;NÃO;2021
ESCOLA MUNICIPAL;434;14 BIS;BOA VIAGEM;329;NÂO;NÃO;SIM;NÃO;SIM;2021
ESCOLA MUNICIPAL;133;27 DE NOVEMBRO;COHAB;256;SIM;NÃO;NÃO;NÃO;SIM;2021
ESCOLA MUNICIPAL;90;ALMIRANTE SOARES DUTRA;CABANGA;403;SIM;NÃO;NÃO;SIM;SIM;2022
ESCOLA MUNICIPAL;289;CIDADAO HERBERT DE SOUZA;SANTO AMARO;175;NÂO;NÃO;NÃO;NÃO;SIM;2022
ESCOLA MUNICIPAL;256;DO COQUE;ILHA JOANA BEZERRA;619;NÂO;NÃO;NÃO;SIM;SIM;2022
ESCOLA MUNICIPAL;91;DOS COELHOS;COELHOS;775;NÂO;NÃO;NÃO;SIM;SIM;2022
ESCOLA MUNICIPAL;384;FREI TADEU GLASER;SANTO AMARO;139;NÂO;NÃO;NÃO;SIM;SIM;2022
ESCOLA MUNICIPAL;104;GENERAL EMIDIO DANTAS BARRETO;SANTO AMARO;278;NÂO;NÃO;SIM;SIM;SIM;2022
ESCOLA MUNICIPAL;282;LUTADORES DO BEM;SANTO AMARO;309;NÂO;NÃO;NÃO;SIM;SIM;2022
ESCOLA MUNICIPAL;312;NOSSA SENHORA DO PILAR;RECIFE;181;NÂO;NÃO;SIM;SIM;SIM;2022
ESCOLA MUNICIPAL;922;NOVO MANGUE;ILHA JOANA BEZERRA;361;NÂO;NÃO;SIM;SIM;SIM;2022
ESCOLA MUNICIPAL;66;PEDRO AUGUSTO;BOA VISTA;353;SIM;SIM;NÃO;SIM;SIM;2022
ESCOLA MUNICIPAL;4;PROFESSOR JOSE DA COSTA PORTO;ILHA JOANA BEZERRA;834;NÂO;SIM;NÃO;SIM;SIM;2022
ESCOLA MUNICIPAL;935;PROFESSOR JOSUE DE CASTRO;ILHA JOANA BEZERRA;260;NÂO;NÃO;NÃO;NÃO;NÃO;2022
ESCOLA MUNICIPAL;1;REITOR JOAO ALFREDO;ILHA DO LEITE;331;NÂO;SIM;NÃO;SIM;SIM;2022
ESCOLA MUNICIPAL;189;SANTO AMARO;SANTO AMARO;454;NÂO;NÃO;NÃO;SIM;SIM;2022
ESCOLA MUNICIPAL;93;SEDE DA SABEDORIA;SANTO AMARO;468;NÂO;NÃO;NÃO;SIM;SIM;2022
ESCOLA MUNICIPAL;95;SITIO DO CEU;SANTO AMARO;178;SIM;NÃO;NÃO;NÃO;SIM;2022
ESCOLA MUNICIPAL;442;SOLDADO JOSE ANTONIO DO NASCIMENTO BOA VISTA;BOA VISTA;133;SIM;SIM;NÃO;SIM;NÃO;2022
ESCOLA MUNICIPAL;111;ALDA ROMEU;AGUA FRIA;336;NÂO;NÃO;NÃO;SIM;SIM;2022
ESCOLA MUNICIPAL;187;ALTO DO MARACANA;DOIS UNIDOS;434;NÂO;NÃO;NÃO;SIM;NÃO;2022
ESCOLA MUNICIPAL;321;ALTO DO PASCOAL;AGUA FRIA;524;NÂO;NÃO;SIM;SIM;SIM;2022
ESCOLA MUNICIPAL;237;ALTO SANTA TEREZINHA;BEBERIBE;616;SIM;NÃO;NÃO;SIM;SIM;2022
ESCOLA MUNICIPAL;54;ANA MAURICIA WANDERLEY;AGUA FRIA;230;NÂO;NÃO;NÃO;NÃO;SIM;2022
ESCOLA MUNICIPAL;258;ANITA PAES BARRETO;FUNDAO;115;NÂO;NÃO;NÃO;SIM;SIM;2022
ESCOLA MUNICIPAL;7;ANTONIO HERACLIO DO REGO;AGUA FRIA;462;SIM;SIM;NÃO;SIM;SIM;2022
ESCOLA MUNICIPAL;86;ANTONIO LUIZ;AGUA FRIA;92;SIM;NÃO;NÃO;SIM;NÃO;2022
ESCOLA MUNICIPAL;44;ANTONIO TIBURCIO;ALTO SANTA TEREZINHA;152;NÂO;NÃO;NÃO;SIM;NÃO;2022
ESCOLA MUNICIPAL;924;CAMPINA DO BARRETO;CAJUEIRO;319;NÂO;NÃO;NÃO;SIM;SIM;2022
ESCOLA MUNICIPAL;400;COMPOSITOR CAPIBA;TORREAO;147;SIM;NÃO;NÃO;NÃO;SIM;2022
ESCOLA MUNICIPAL;61;COMPOSITOR LEVINO FERREIRA;ALTO JOSE BONIFACIO;205;SIM;NÃO;NÃO;NÃO;NÃO;2022
ESCOLA MUNICIPAL;999;CRECHE ESCOLA MUNICIPAL JOAO AMAZONAS;DOIS UNIDOS;121;NÂO;NÃO;NÃO;SIM;NÃO;2022
ESCOLA MUNICIPAL;923;DE AGUA FRIA;CAMPINA DO BARRETO;117;NÂO;NÃO;NÃO;SIM;SIM;2022
ESCOLA MUNICIPAL;936;DE BEBERIBE;BEBERIBE;163;SIM;NÃO;NÃO;SIM;SIM;2022
ESCOLA MUNICIPAL;176;DEUS E AMOR;AGUA FRIA;111;SIM;NÃO;NÃO;NÃO;NÃO;2022
ESCOLA MUNICIPAL;949;ENGENHEIRO EDINALDO MIRANDA DE OLIVEIRA;ENCRUZILHADA;179;NÂO;NÃO;NÃO;NÃO;NÃO;2022
ESCOLA MUNICIPAL;99;IRMA TEREZINHA BATISTA PROJ NOVO VIVER;CAMPINA DO BARRETO;231;NÂO;NÃO;NÃO;NÃO;SIM;2022
ESCOLA MUNICIPAL;60;JOSEFINA MARINHO;ALTO JOSE DO PINHO;179;NÂO;NÃO;NÃO;NÃO;NÃO;2022
ESCOLA MUNICIPAL;966;LADJANE BANDEIRA;AGUA FRIA;84;NÂO;NÃO;NÃO;NÃO;NÃO;2022
ESCOLA MUNICIPAL;55;LUIZ LUA GONZAGA;BOMBA DO HEMETERIO;224;SIM;NÃO;NÃO;SIM;SIM;2022
ESCOLA MUNICIPAL;42;MANOEL ANTONIO DE FREITAS;ALTO SANTA TEREZINHA;240;NÂO;NÃO;NÃO;NÃO;NÃO;2022
ESCOLA MUNICIPAL;12;MARIO MELO;CAMPO GRANDE;811;NÂO;NÃO;SIM;SIM;SIM;2022
ESCOLA MUNICIPAL;47;MONSENHOR VIANA;BEBERIBE;309;NÂO;NÃO;NÃO;SIM;NÃO;2022
ESCOLA MUNICIPAL;6;MONTEIRO LOBATO;PEIXINHOS;310;NÂO;NÃO;NÃO;SIM;SIM;2022
ESCOLA MUNICIPAL;59;NOVA AURORA;AGUA FRIA;112;NÂO;NÃO;NÃO;NÃO;NÃO;2022
ESCOLA MUNICIPAL;46;NOVO HORIZONTE;AGUA FRIA;275;SIM;NÃO;NÃO;SIM;SIM;2022
ESCOLA MUNICIPAL;13;OLINDINA MONTEIRO DE OLIVEIRA FRANCA;DOIS UNIDOS;500;NÂO;NÃO;SIM;SIM;SIM;2022
ESCOLA MUNICIPAL;131;PASTOR PAULO LEIVAS MACALAO;LINHA DO TIRO;443;NÂO;NÃO;NÃO;NÃO;SIM;2022
ESCOLA MUNICIPAL;9;PAULO VI;LINHA DO TIRO;456;NÂO;NÃO;SIM;SIM;NÃO;2022
ESCOLA MUNICIPAL;446;POETA JONATAS BRAGA;CAMPO GRANDE;134;NÂO;NÃO;NÃO;NÃO;NÃO;2022
ESCOLA MUNICIPAL;957;POETA SOLANO TRINDADE;AGUA FRIA;362;SIM;NÃO;NÃO;SIM;SIM;2022
ESCOLA MUNICIPAL;346;PROF JANDIRA BOTELHO PEREIRA DA COSTA;CAMPO GRANDE;714;NÂO;NÃO;NÃO;SIM;SIM;2022
ESCOLA MUNICIPAL;332;PROFESSOR RICARDO GAMA;LINHA DO TIRO;595;NÂO;NÃO;SIM;SIM;SIM;2022
ESCOLA MUNICIPAL;379;PROFESSORA HELIA MARIA PEREIRA;CAMPO GRANDE;126;NÂO;NÃO;NÃO;NÃO;NÃO;2022
ESCOLA MUNICIPAL;96;SANTA CECILIA;CAMPO GRANDE;366;SIM;NÃO;NÃO;SIM;SIM;2022
ESCOLA MUNICIPAL;56;SAO JOAO BATISTA;LINHA DO TIRO;345;NÂO;NÃO;NÃO;SIM;SIM;2022
ESCOLA MUNICIPAL;285;SERVICO SOCIAL DE BELEM;ENCRUZILHADA;108;NÂO;NÃO;NÃO;NÃO;NÃO;2022
ESCOLA MUNICIPAL;113;ALTO DA GUABIRABA;BREJO DA GUABIRABA;207;SIM;SIM;NÃO;SIM;SIM;2022
ESCOLA MUNICIPAL;251;ALTO DO REFUGIO IVAN NEVES;BREJO DE BEBERIBE;132;SIM;NÃO;NÃO;NÃO;NÃO;2022
ESCOLA MUNICIPAL;115;ALTO JARDIM PROGRESSO;NOVA DESCOBERTA;259;NÂO;NÃO;NÃO;NÃO;SIM;2022
ESCOLA MUNICIPAL;448;ARQUITETO ALEXANDRE MUNIZ DE OLIVEIRA;CORREGO DO JENIPAPO;303;SIM;NÃO;NÃO;NÃO;NÃO;2022
ESCOLA MUNICIPAL;63;BOA ESPERANCA;VASCO DA GAMA;293;NÂO;NÃO;NÃO;NÃO;NÃO;2022
ESCOLA MUNICIPAL;427;BOLA NA REDE;GUABIRABA;456;NÂO;NÃO;NÃO;NÃO;SIM;2022
ESCOLA MUNICIPAL;382;CECILIA MEIRELLES;MACAXEIRA;176;SIM;NÃO;NÃO;NÃO;NÃO;2022
ESCOLA MUNICIPAL;420;CHICO SCIENCE;VASCO DA GAMA;111;NÂO;NÃO;NÃO;NÃO;NÃO;2022
ESCOLA MUNICIPAL;120;CORREGO DA AREIA;NOVA DESCOBERTA;178;NÂO;NÃO;NÃO;NÃO;NÃO;2022
ESCOLA MUNICIPAL;58;CORREGO DA BICA;PASSARINHO;257;NÂO;NÃO;NÃO;SIM;NÃO;2022
ESCOLA MUNICIPAL;342;CORREGO DO EUCLIDES;MORRO DA CONCEICAO;289;NÂO;NÃO;NÃO;SIM;SIM;2022
ESCOLA MUNICIPAL;996;DA GUABIRABA;BREJO DA GUABIRABA;526;NÂO;NÃO;NÃO;SIM;SIM;2022
ESCOLA MUNICIPAL;52;DA MANGABEIRA;MANGABEIRA;482;SIM;SIM;NÃO;SIM;SIM;2022
ESCOLA MUNICIPAL;310;DE CASA AMARELA;MACAXEIRA;261;NÂO;NÃO;NÃO;SIM;SIM;2022
ESCOLA MUNICIPAL;378;DEOCLECIANO OLIVEIRA DE LIMA;MACAXEIRA;153;NÂO;NÃO;NÃO;SIM;NÃO;2022
ESCOLA MUNICIPAL;255;DEPUTADO FERNANDO SAMPAIO;NOVA DESCOBERTA;156;NÂO;NÃO;NÃO;NÃO;NÃO;2022
ESCOLA MUNICIPAL;968;DIACONO ABEL GUEIROS;MACAXEIRA;377;NÂO;NÃO;NÃO;NÃO;SIM;2022
ESCOLA MUNICIPAL;92;DOM HELDER CAMARA;ESPINHEIRO;321;NÂO;NÃO;SIM;SIM;SIM;2022
ESCOLA MUNICIPAL;77;DOM JOSE LAMARTINE SOARES;VASCO DA GAMA;282;NÂO;NÃO;NÃO;NÃO;NÃO;2022
ESCOLA MUNICIPAL;57;DOUTOR CAETE;NOVA DESCOBERTA;310;NÂO;NÃO;SIM;SIM;NÃO;2022
ESCOLA MUNICIPAL;45;DRAOMIRO CHAVES AGUIAR;CASA AMARELA;429;NÂO;NÃO;NÃO;SIM;SIM;2022
ESCOLA MUNICIPAL;71;HISTORIADOR FLAVIO GUERRA;PASSARINHO;139;SIM;NÃO;NÃO;NÃO;SIM;2022
ESCOLA MUNICIPAL;80;JULIO VICENTE ALVES DE ARAUJO;MORRO DA CONCEICAO;222;NÂO;NÃO;NÃO;NÃO;SIM;2022
ESCOLA MUNICIPAL;62;MARGARIDA DE SIQUEIRA PESSOA;ALTO JOSE BONIFACIO;285;NÂO;NÃO;NÃO;SIM;NÃO;2022
ESCOLA MUNICIPAL;333;MARLUCE SANTIAGO DA SILVA;PASSARINHO;417;SIM;NÃO;NÃO;NÃO;SIM;2022
ESCOLA MUNICIPAL;79;MAURICIO DE NASSAU;ALTO DO MANDU;225;NÂO;NÃO;NÃO;SIM;NÃO;2022
ESCOLA MUNICIPAL;27;MUNDO ESPERANCA;SITIO DOS PINTOS;330;NÂO;NÃO;NÃO;NÃO;NÃO;2022
ESCOLA MUNICIPAL;78;NADIR COLACO;MACAXEIRA;452;NÂO;NÃO;SIM;SIM;SIM;2022
ESCOLA MUNICIPAL;206;NOVA DESCOBERTA;PASSARINHO;467;NÂO;NÃO;NÃO;SIM;SIM;2022
ESCOLA MUNICIPAL;48;OCTAVIO DE MEIRA LINS;VASCO DA GAMA;711;NÂO;NÃO;SIM;SIM;SIM;2022
ESCOLA MUNICIPAL;145;PADRE ANTONIO HENRIQUE;DERBY;347;SIM;NÃO;SIM;SIM;NÃO;2022
ESCOLA MUNICIPAL;123;PADRE DONINO;CASA FORTE;190;NÂO;SIM;NÃO;SIM;SIM;2022
ESCOLA MUNICIPAL;288;PEDRINHO;NOVA DESCOBERTA;118;NÂO;NÃO;NÃO;NÃO;NÃO;2022
ESCOLA MUNICIPAL;97;PEDRO ALCANTARA;CORREGO DO JENIPAPO;140;NÂO;NÃO;NÃO;NÃO;NÃO;2022
ESCOLA MUNICIPAL;51;POETA JOAQUIM CARDOSO;NOVA DESCOBERTA;723;NÂO;NÃO;NÃO;SIM;NÃO;2022
ESCOLA MUNICIPAL;318;PRESBITERO JOSE BEZERRA;MACAXEIRA;381;NÂO;NÃO;NÃO;SIM;SIM;2022
ESCOLA MUNICIPAL;21;PROFESSOR ADERBAL GALVAO;VASCO DA GAMA;476;NÂO;NÃO;NÃO;NÃO;NÃO;2022
ESCOLA MUNICIPAL;376;PROFESSOR JOSE SOARES DA SILVA;NOVA DESCOBERTA;354;NÂO;NÃO;NÃO;SIM;NÃO;2022
ESCOLA MUNICIPAL;22;PROFESSOR MAURO MOTA;NOVA DESCOBERTA;437;NÂO;NÃO;NÃO;NÃO;NÃO;2022
ESCOLA MUNICIPAL;50;PROFESSOR MOACYR DE ALBUQUERQUE;NOVA DESCOBERTA;309;NÂO;NÃO;NÃO;NÃO;SIM;2022
ESCOLA MUNICIPAL;132;PROFESSOR NILO PEREIRA;CASA AMARELA;326;SIM;SIM;NÃO;SIM;SIM;2022
ESCOLA MUNICIPAL;17;PROFESSORA ALMERINDA UMBELINO DE BARROS;VASCO DA GAMA;821;SIM;NÃO;SIM;SIM;SIM;2022
ESCOLA MUNICIPAL;252;RENATO ACCIOLY CARNEIRO CAMPOS;NOVA DESCOBERTA;156;NÂO;NÃO;NÃO;SIM;SIM;2022
ESCOLA MUNICIPAL;401;ROZEMAR DE MACEDO LIMA;CASA AMARELA;393;NÂO;NÃO;NÃO;SIM;SIM;2022
ESCOLA MUNICIPAL;5;SANTA MARIA;ALTO JOSE DO PINHO;663;NÂO;NÃO;NÃO;NÃO;SIM;2022
ESCOLA MUNICIPAL;265;SANTA MARIA GORETTI;VASCO DA GAMA;348;SIM;NÃO;NÃO;SIM;SIM;2022
ESCOLA MUNICIPAL;11;SAO CRISTOVAO;BREJO DA GUABIRABA;536;SIM;SIM;NÃO;SIM;SIM;2022
ESCOLA MUNICIPAL;306;SEVERINA LIRA;TAMARINEIRA;193;NÂO;SIM;NÃO;SIM;SIM;2022
ESCOLA MUNICIPAL;23;SOCIOLOGO GILBERTO FREYRE;DOIS IRMAOS;513;NÂO;NÃO;NÃO;NÃO;SIM;2022
ESCOLA MUNICIPAL;85;VIRGEM PODEROSA;PARNAMIRIM;272;NÂO;NÃO;NÃO;SIM;SIM;2022
ESCOLA MUNICIPAL;3;ARRAIAL NOVO DO BOM JESUS;TORROES;827;NÂO;NÃO;SIM;SIM;SIM;2022
ESCOLA MUNICIPAL;190;CASARAO DO BARBALHO;IPUTINGA;417;NÂO;NÃO;SIM;SIM;SIM;2022
ESCOLA MUNICIPAL;39;CELIA ARRAES;VARZEA;337;NÂO;NÃO;NÃO;SIM;SIM;2022
ESCOLA MUNICIPAL;36;CREUSA DE FREITAS CAVALCANTI;TORROES;630;NÂO;NÃO;NÃO;SIM;NÃO;2022
ESCOLA MUNICIPAL;19;DA IPUTINGA;IPUTINGA;653;NÂO;NÃO;NÃO;SIM;SIM;2022
ESCOLA MUNICIPAL;334;DARCY RIBEIRO;CORDEIRO;584;NÂO;NÃO;NÃO;SIM;SIM;2022
ESCOLA MUNICIPAL;340;DINA DE OLIVEIRA;IPUTINGA;732;NÂO;SIM;NÃO;SIM;SIM;2022
ESCOLA MUNICIPAL;18;DIVINO ESPIRITO SANTO;VARZEA;432;SIM;SIM;SIM;SIM;SIM;2022
ESCOLA MUNICIPAL;139;DO DOM;VARZEA;163;SIM;NÃO;NÃO;SIM;NÃO;2022
ESCOLA MUNICIPAL;68;DOS TORROES;TORROES;193;SIM;NÃO;NÃO;NÃO;NÃO;2022
ESCOLA MUNICIPAL;292;DOUTOR EBENEZER GUEIROS;IPUTINGA;433;NÂO;SIM;NÃO;SIM;SIM;2022
ESCOLA MUNICIPAL;49;DOUTOR RODOLFO AURELIANO;VARZEA;620;NÂO;SIM;NÃO;SIM;SIM;2022
ESCOLA MUNICIPAL;440;DOUTOR SAMUEL GONCALVES;PRADO;188;SIM;NÃO;NÃO;NÃO;NÃO;2022
ESCOLA MUNICIPAL;41;ENGENHO DO MEIO;ENGENHO DO MEIO;674;SIM;NÃO;SIM;SIM;SIM;2022
ESCOLA MUNICIPAL;75;HENFIL;VARZEA;207;SIM;NÃO;NÃO;SIM;SIM;2022
ESCOLA MUNICIPAL;938;JADER FIGUEIREDO DE ANDRADE SILVA;ENGENHO DO MEIO;252;SIM;NÃO;NÃO;SIM;SIM;2022
ESCOLA MUNICIPAL;297;JOAO PESSOA GUERRA;VARZEA;235;NÂO;NÃO;NÃO;NÃO;SIM;2022
ESCOLA MUNICIPAL;20;JOAO XXIII;IPUTINGA;498;NÂO;NÃO;SIM;SIM;SIM;2022
ESCOLA MUNICIPAL;40;MAGALHAES BASTOS;VARZEA;572;NÂO;NÃO;NÃO;SIM;SIM;2022
ESCOLA MUNICIPAL;380;MERCIA DE ALBUQUERQUE FERREIRA;ILHA DO RETIRO;305;NÂO;NÃO;NÃO;SIM;SIM;2022
ESCOLA MUNICIPAL;137;NOVA MORADA;CAXANGA;152;SIM;NÃO;NÃO;SIM;NÃO;2022
ESCOLA MUNICIPAL;441;PAPA JOAO XXIII;ENGENHO DO MEIO;222;SIM;NÃO;NÃO;SIM;NÃO;2022
ESCOLA MUNICIPAL;443;PAROQUIAL CRISTO REI;TORRE;254;NÂO;SIM;NÃO;SIM;NÃO;2022
ESCOLA MUNICIPAL;67;PROF ELIZABETH SALES COUTINHO BARROS;TORROES;240;NÂO;NÃO;NÃO;NÃO;NÃO;2022
ESCOLA MUNICIPAL;347;PROFESSOR JOAO BATISTA LIPPO NETO;VARZEA;186;NÂO;NÃO;NÃO;SIM;SIM;2022
ESCOLA MUNICIPAL;365;PROFESSOR JOAO FRANCISCO DE SOUZA;VARZEA;407;NÂO;NÃO;NÃO;SIM;SIM;2022
ESCOLA MUNICIPAL;444;SAO DOMINGOS;IPUTINGA;325;SIM;NÃO;NÃO;NÃO;SIM;2022
ESCOLA MUNICIPAL;38;SENADOR JOSE ERMIRIO DE MORAES;VARZEA;360;NÂO;NÃO;NÃO;SIM;SIM;2022
ESCOLA MUNICIPAL;964;SITIO DO BERARDO;MADALENA;166;SIM;NÃO;NÃO;NÃO;SIM;2022
ESCOLA MUNICIPAL;331;VILA SANTA LUZIA;CORDEIRO;543;NÂO;NÃO;NÃO;SIM;SIM;2022
ESCOLA MUNICIPAL;34;ZUMBI DOS PALMARES;VARZEA;556;NÂO;NÃO;NÃO;NÃO;SIM;2022
ESCOLA MUNICIPAL;962;ALTO DA BELA VISTA;COQUEIRAL;113;NÂO;NÃO;NÃO;NÃO;NÃO;2022
ESCOLA MUNICIPAL;102;ANDRE DE MELO;ESTANCIA;587;NÂO;NÃO;NÃO;SIM;SIM;2022
ESCOLA MUNICIPAL;14;ANTONIO FARIAS FILHO;SAN MARTIN;850;NÂO;SIM;NÃO;SIM;SIM;2022
ESCOLA MUNICIPAL;100;BALBINA MENELAU;JARDIM SAO PAULO;378;NÂO;NÃO;NÃO;SIM;SIM;2022
ESCOLA MUNICIPAL;73;CASA DOS FERROVIARIOS;COQUEIRAL;432;NÂO;NÃO;NÃO;SIM;SIM;2022
ESCOLA MUNICIPAL;974;CHICO MENDES;CACOTE;428;SIM;NÃO;NÃO;SIM;SIM;2022
ESCOLA MUNICIPAL;2;DE TEJIPIO;COQUEIRAL;502;NÂO;NÃO;NÃO;SIM;SIM;2022
ESCOLA MUNICIPAL;948;DO BARRO;BARRO;225;NÂO;NÃO;NÃO;SIM;SIM;2022
ESCOLA MUNICIPAL;927;DO PANTANAL;BARRO;148;SIM;NÃO;NÃO;NÃO;NÃO;2022
ESCOLA MUNICIPAL;950;DO SANCHO;SANCHO;383;NÂO;NÃO;NÃO;SIM;SIM;2022
ESCOLA MUNICIPAL;29;DOM BOSCO;JARDIM SAO PAULO;501;NÂO;NÃO;SIM;SIM;SIM;2022
ESCOLA MUNICIPAL;84;DOS REMEDIOS;PRADO;401;NÂO;SIM;NÃO;SIM;SIM;2022
ESCOLA MUNICIPAL;89;DOUTOR ANTONIO CORREIA;BARRO;200;NÂO;NÃO;NÃO;SIM;NÃO;2022
ESCOLA MUNICIPAL;291;EDITE BRAGA;AFOGADOS;383;NÂO;NÃO;NÃO;SIM;SIM;2022
ESCOLA MUNICIPAL;602;ESCOLA SANTA LUZIA;ESTANCIA;280;NÂO;SIM;NÃO;SIM;SIM;2022
ESCOLA MUNICIPAL;76;GENERAL SAN MARTIN;SAN MARTIN;391;NÂO;NÃO;NÃO;SIM;SIM;2022
ESCOLA MUNICIPAL;917;GOVERNADOR MIGUEL ARRAES DE ALENCAR;ESTANCIA;499;SIM;SIM;NÃO;SIM;SIM;2022
ESCOLA MUNICIPAL;24;HUGO GERDAU;SAN MARTIN;460;SIM;SIM;NÃO;SIM;SIM;2022
ESCOLA MUNICIPAL;371;ISAAC PEREIRA DA SILVA;AREIAS;301;SIM;NÃO;NÃO;SIM;SIM;2022
ESCOLA MUNICIPAL;304;JARDIM UCHOA;AREIAS;235;SIM;NÃO;SIM;NÃO;SIM;2022
ESCOLA MUNICIPAL;101;MANOEL ROLIM;TEJIPIO;114;NÂO;NÃO;NÃO;NÃO;SIM;2022
ESCOLA MUNICIPAL;136;MARECHAL RONDON;TEJIPIO;441;NÂO;NÃO;NÃO;SIM;NÃO;2022
ESCOLA MUNICIPAL;98;PADRE JOSE DE ANCHIETA;MUSTARDINHA;542;SIM;NÃO;SIM;SIM;SIM;2022
ESCOLA MUNICIPAL;72;PADRE JOSE MATHIAS DELGADO;JARDIM SAO PAULO;434;NÂO;SIM;NÃO;NÃO;SIM;2022
ESCOLA MUNICIPAL;354;PARQUE DOS MILAGRES;BARRO;199;NÂO;NÃO;NÃO;NÃO;NÃO;2022
ESCOLA MUNICIPAL;972;POETA CARLOS PENA FILHO;JARDIM SAO PAULO;289;NÂO;NÃO;NÃO;SIM;NÃO;2022
ESCOLA MUNICIPAL;335;PROFESSOR ANTONIO DE BRITO ALVES;MUSTARDINHA;869;NÂO;SIM;NÃO;SIM;SIM;2022
ESCOLA MUNICIPAL;339;PROFESSOR POTIGUAR MATOS;SAN MARTIN;409;NÂO;NÃO;NÃO;SIM;SIM;2022
ESCOLA MUNICIPAL;64;PROFESSORA MARIA DA PAZ BRANDAO ALVES;SANCHO;597;NÂO;NÃO;SIM;SIM;SIM;2022
ESCOLA MUNICIPAL;290;PROFESSORA PRIMITIVA DE BARROS SILVA;JARDIM SAO PAULO;214;NÂO;NÃO;NÃO;SIM;NÃO;2022
ESCOLA MUNICIPAL;269;SANTA EDWIGES;AFOGADOS;143;SIM;NÃO;NÃO;NÃO;NÃO;2022
ESCOLA MUNICIPAL;81;SANTO ANTONIO DO CACOTE;AREIAS;178;SIM;NÃO;NÃO;SIM;NÃO;2022
ESCOLA MUNICIPAL;83;VILA SAO MIGUEL;AFOGADOS;398;SIM;NÃO;NÃO;SIM;SIM;2022
ESCOLA MUNICIPAL;182;WALDEMAR VALENTE;CURADO;297;SIM;NÃO;SIM;SIM;SIM;2022
ESCOLA MUNICIPAL;146;ABILIO GOMES;BOA VIAGEM;305;NÂO;NÃO;NÃO;NÃO;NÃO;2022
ESCOLA MUNICIPAL;144;ARTISTA PLASTICO CICERO DIAS;COHAB;466;NÂO;NÃO;NÃO;SIM;NÃO;2022
ESCOLA MUNICIPAL;967;ASA BRANCA;COHAB;292;NÂO;NÃO;SIM;SIM;NÃO;2022
ESCOLA MUNICIPAL;183;BEATO EUGENIO MAZENOD;IMBIRIBEIRA;331;SIM;NÃO;NÃO;NÃO;NÃO;2022
ESCOLA MUNICIPAL;107;CAPELA SANTO ANTONIO;IMBIRIBEIRA;145;NÂO;NÃO;NÃO;NÃO;NÃO;2022
ESCOLA MUNICIPAL;997;CARLUCIO DE SOUZA CASTANHA JUNIOR;COHAB;555;NÂO;NÃO;NÃO;SIM;SIM;2022
ESCOLA MUNICIPAL;16;CICERO FRANKLIN CORDEIRO;COHAB;652;NÂO;NÃO;SIM;SIM;SIM;2022
ESCOLA MUNICIPAL;37;CLARICE LISPECTOR;IPSEP;319;NÂO;SIM;NÃO;SIM;SIM;2022
ESCOLA MUNICIPAL;213;CRISTIANO CORDEIRO;COHAB;541;NÂO;NÃO;NÃO;SIM;SIM;2022
ESCOLA MUNICIPAL;116;DE DOIS RIOS;COHAB;308;SIM;NÃO;NÃO;SIM;NÃO;2022
ESCOLA MUNICIPAL;374;DEPUTADO EDSON CANTARELLI;IBURA;325;SIM;NÃO;NÃO;SIM;SIM;2022
ESCOLA MUNICIPAL;33;DO JORDAO;JORDAO;242;NÂO;NÃO;NÃO;SIM;NÃO;2022
ESCOLA MUNICIPAL;105;DO LEAO;BOA VIAGEM;220;NÂO;NÃO;NÃO;NÃO;NÃO;2022
ESCOLA MUNICIPAL;435;DONA LUCI SILVA LIMA;IMBIRIBEIRA;149;SIM;NÃO;NÃO;NÃO;NÃO;2022
ESCOLA MUNICIPAL;298;EDUCADOR PAULO FREIRE;IPSEP;558;NÂO;SIM;NÃO;SIM;SIM;2022
ESCOLA MUNICIPAL;28;ENGENHEIRO GUILHERME DINIZ;IBURA;460;NÂO;NÃO;NÃO;SIM;SIM;2022
ESCOLA MUNICIPAL;309;ENGENHEIRO HENOCH COUTINHO DE MELO;PINA;365;NÂO;NÃO;NÃO;SIM;SIM;2022
ESCOLA MUNICIPAL;114;ENGENHEIRO UMBERTO GONDIM;PINA;472;NÂO;NÃO;NÃO;SIM;NÃO;2022
ESCOLA MUNICIPAL;447;ESCRITOR JOSUE DE CASTRO;BRASILIA TEIMOSA;199;NÂO;NÃO;NÃO;SIM;SIM;2022
ESCOLA MUNICIPAL;249;FERNANDO SANTA CRUZ;JORDAO;132;NÂO;NÃO;NÃO;NÃO;SIM;2022
ESCOLA MUNICIPAL;245;FLORESTAN FERNANDES;IBURA;814;NÂO;NÃO;NÃO;SIM;NÃO;2022
ESCOLA MUNICIPAL;141;FUTURO FELIZ;IBURA;224;NÂO;NÃO;NÃO;NÃO;NÃO;2022
ESCOLA MUNICIPAL;926;IBURA DE BAIXO;IBURA;315;NÂO;NÃO;NÃO;NÃO;SIM;2022
ESCOLA MUNICIPAL;69;INES SOARES DE LIMA;IMBIRIBEIRA;242;SIM;NÃO;NÃO;SIM;SIM;2022
ESCOLA MUNICIPAL;148;JARDIM MAURICEIA;IMBIRIBEIRA;196;NÂO;NÃO;SIM;NÃO;SIM;2022
ESCOLA MUNICIPAL;963;JARDIM MONTE VERDE;COHAB;573;NÂO;NÃO;NÃO;SIM;SIM;2022
ESCOLA MUNICIPAL;246;JORDAO BAIXO;JORDAO;86;SIM;NÃO;NÃO;NÃO;SIM;2022
ESCOLA MUNICIPAL;372;JOSE MUCIO MONTEIRO;COHAB;216;NÂO;NÃO;NÃO;SIM;SIM;2022
ESCOLA MUNICIPAL;110;KARLA PATRICIA;BOA VIAGEM;618;NÂO;SIM;NÃO;SIM;SIM;2022
ESCOLA MUNICIPAL;82;LAGOA ENCANTADA;COHAB;198;SIM;SIM;NÃO;SIM;NÃO;2022
ESCOLA MUNICIPAL;15;LUIZ VAZ DE CAMOES;IPSEP;550;NÂO;SIM;NÃO;SIM;SIM;2022
ESCOLA MUNICIPAL;956;MAESTRO NELSON FERREIRA;IBURA;130;SIM;NÃO;NÃO;SIM;NÃO;2022
ESCOLA MUNICIPAL;26;MARGARIDA SERPA COSSART;COHAB;254;NÂO;NÃO;NÃO;NÃO;NÃO;2022
ESCOLA MUNICIPAL;31;MARIA ADELAIDE DE BARROS;COHAB;331;NÂO;SIM;NÃO;NÃO;SIM;2022
ESCOLA MUNICIPAL;10;MARIA DE SAMPAIO LUCENA;COHAB;440;NÂO;SIM;NÃO;SIM;SIM;2022
ESCOLA MUNICIPAL;511;MENINO JESUS;PINA;148;NÂO;NÃO;NÃO;NÃO;SIM;2022
ESCOLA MUNICIPAL;424;MILTON ALMEIDA DOS SANTOS;IMBIRIBEIRA;136;NÂO;NÃO;NÃO;SIM;NÃO;2022
ESCOLA MUNICIPAL;150;NOSSA SENHORA DA PENHA;BOA VIAGEM;253;NÂO;NÃO;NÃO;SIM;NÃO;2022
ESCOLA MUNICIPAL;112;NOVO PINA;PINA;482;NÂO;SIM;NÃO;SIM;SIM;2022
ESCOLA MUNICIPAL;121;OSWALDO LIMA FILHO;PINA;612;NÂO;SIM;NÃO;SIM;SIM;2022
ESCOLA MUNICIPAL;70;PAIS E FILHOS;IMBIRIBEIRA;374;SIM;NÃO;NÃO;NÃO;NÃO;2022
ESCOLA MUNICIPAL;348;PASTOR JOSE MUNGUBA SOBRINHO;JORDAO;305;NÂO;NÃO;NÃO;SIM;NÃO;2022
ESCOLA MUNICIPAL;491;PAZ E AMOR;IBURA;132;NÂO;NÃO;NÃO;NÃO;NÃO;2022
ESCOLA MUNICIPAL;106;PINTOR LULA CARDOSO AYRES;JORDAO;274;NÂO;NÃO;NÃO;SIM;SIM;2022
ESCOLA MUNICIPAL;928;POETA JOAO CABRAL DE MELO NETO;PINA;319;SIM;NÃO;NÃO;NÃO;SIM;2022
ESCOLA MUNICIPAL;164;POETA PAULO BANDEIRA DA CRUZ;COHAB;512;SIM;NÃO;NÃO;NÃO;SIM;2022
ESCOLA MUNICIPAL;108;PROF JOSE LOURENCO DE LIMA;IBURA;389;NÂO;NÃO;NÃO;SIM;SIM;2022
ESCOLA MUNICIPAL;32;PROFESSOR ADAUTO PONTES;JORDAO;268;NÂO;NÃO;NÃO;NÃO;SIM;2022
ESCOLA MUNICIPAL;336;PROFESSOR ENALDO MANOEL DE SOUZA;JORDAO;446;NÂO;NÃO;NÃO;SIM;SIM;2022
ESCOLA MUNICIPAL;373;PROFESSOR JULIO DE OLIVEIRA;IMBIRIBEIRA;454;NÂO;NÃO;SIM;SIM;NÃO;2022
ESCOLA MUNICIPAL;127;PROFESSOR MANOEL TORRES;IMBIRIBEIRA;559;SIM;NÃO;NÃO;SIM;SIM;2022
ESCOLA MUNICIPAL;375;PROFESSOR ORLANDO PARAHYM;COHAB;204;NÂO;NÃO;NÃO;NÃO;NÃO;2022
ESCOLA MUNICIPAL;188;PROFESSOR SIMOES BARBOSA;IBURA;630;SIM;NÃO;NÃO;NÃO;SIM;2022
ESCOLA MUNICIPAL;341;PROFESSOR SOLANO MAGALHAES;PINA;373;NÂO;SIM;NÃO;SIM;SIM;2022
ESCOLA MUNICIPAL;88;PROFESSORA SONIA MARIA DE ARAUJO SOUZA;JORDAO;197;NÂO;NÃO;NÃO;SIM;NÃO;2022
ESCOLA MUNICIPAL;186;SAO FRANCISCO DE ASSIS;BOA VIAGEM;258;SIM;NÃO;NÃO;NÃO;NÃO;2022
ESCOLA MUNICIPAL;360;SERRA DA PRATA;COHAB;137;NÂO;NÃO;NÃO;NÃO;NÃO;2022
ESCOLA MUNICIPAL;247;SEVERINA BERNADETE TEIXEIRA;COHAB;340;SIM;NÃO;NÃO;NÃO;NÃO;2022
ESCOLA MUNICIPAL;25;TRES CARNEIROS;COHAB;318;SIM;NÃO;NÃO;SIM;NÃO;2022
ESCOLA MUNICIPAL;929;UR 05;COHAB;197;NÂO;NÃO;NÃO;NÃO;SIM;2022
ESCOLA MUNICIPAL;103;VILA OPERARIA DO RECIFE;IBURA;290;NÂO;NÃO;NÃO;SIM;NÃO;2022
ESCOLA MUNICIPAL;30;VILA SESAMO;COHAB;662;NÂO;NÃO;NÃO;SIM;NÃO;2022
ESCOLA MUNICIPAL;434;14 BIS;BOA VIAGEM;307;NÂO;NÃO;SIM;NÃO;SIM;2022
ESCOLA MUNICIPAL;133;27 DE NOVEMBRO;COHAB;256;SIM;NÃO;NÃO;NÃO;SIM;2022
ESCOLA MUNICIPAL;90;ALMIRANTE SOARES DUTRA;CABANGA;429;SIM;NÃO;NÃO;SIM;SIM;2023
ESCOLA MUNICIPAL;289;CIDADAO HERBERT DE SOUZA;SANTO AMARO;163;NÂO;NÃO;NÃO;NÃO;SIM;2023
ESCOLA MUNICIPAL;256;DO COQUE;ILHA JOANA BEZERRA;622;NÂO;NÃO;NÃO;SIM;SIM;2023
ESCOLA MUNICIPAL;91;DOS COELHOS;COELHOS;730;NÂO;NÃO;NÃO;SIM;SIM;2023
ESCOLA MUNICIPAL;384;FREI TADEU GLASER;SANTO AMARO;130;NÂO;NÃO;NÃO;SIM;SIM;2023
ESCOLA MUNICIPAL;104;GENERAL EMIDIO DANTAS BARRETO;SANTO AMARO;234;NÂO;NÃO;SIM;SIM;SIM;2023
ESCOLA MUNICIPAL;282;LUTADORES DO BEM;SANTO AMARO;316;NÂO;NÃO;NÃO;SIM;SIM;2023
ESCOLA MUNICIPAL;312;NOSSA SENHORA DO PILAR;RECIFE;144;NÂO;NÃO;SIM;SIM;SIM;2023
ESCOLA MUNICIPAL;922;NOVO MANGUE;ILHA JOANA BEZERRA;359;NÂO;NÃO;SIM;SIM;SIM;2023
ESCOLA MUNICIPAL;66;PEDRO AUGUSTO;BOA VISTA;316;SIM;SIM;NÃO;SIM;SIM;2023
ESCOLA MUNICIPAL;4;PROFESSOR JOSE DA COSTA PORTO;ILHA JOANA BEZERRA;879;NÂO;SIM;NÃO;SIM;SIM;2023
ESCOLA MUNICIPAL;935;PROFESSOR JOSUE DE CASTRO;ILHA JOANA BEZERRA;253;NÂO;NÃO;NÃO;NÃO;NÃO;2023
ESCOLA MUNICIPAL;1;REITOR JOAO ALFREDO;ILHA DO LEITE;322;NÂO;SIM;NÃO;SIM;SIM;2023
ESCOLA MUNICIPAL;189;SANTO AMARO;SANTO AMARO;446;NÂO;NÃO;NÃO;SIM;SIM;2023
ESCOLA MUNICIPAL;93;SEDE DA SABEDORIA;SANTO AMARO;464;NÂO;NÃO;NÃO;SIM;SIM;2023
ESCOLA MUNICIPAL;95;SITIO DO CEU;SANTO AMARO;195;SIM;NÃO;NÃO;NÃO;SIM;2023
ESCOLA MUNICIPAL;442;SOLDADO JOSE ANTONIO DO NASCIMENTO BOA VISTA;BOA VISTA;147;SIM;NÃO;NÃO;NÃO;SIM;2023
ESCOLA MUNICIPAL;111;ALDA ROMEU;AGUA FRIA;361;NÂO;NÃO;NÃO;SIM;SIM;2023
ESCOLA MUNICIPAL;187;ALTO DO MARACANA;DOIS UNIDOS;435;NÂO;NÃO;NÃO;NÃO;SIM;2023
ESCOLA MUNICIPAL;321;ALTO DO PASCOAL;AGUA FRIA;490;NÂO;NÃO;SIM;SIM;SIM;2023
ESCOLA MUNICIPAL;237;ALTO SANTA TEREZINHA;BEBERIBE;579;SIM;NÃO;NÃO;SIM;SIM;2023
ESCOLA MUNICIPAL;54;ANA MAURICIA WANDERLEY;AGUA FRIA;233;NÂO;NÃO;NÃO;NÃO;SIM;2023
ESCOLA MUNICIPAL;258;ANITA PAES BARRETO;FUNDAO;112;NÂO;NÃO;NÃO;NÃO;SIM;2023
ESCOLA MUNICIPAL;7;ANTONIO HERACLIO DO REGO;AGUA FRIA;508;SIM;SIM;NÃO;SIM;SIM;2023
ESCOLA MUNICIPAL;86;ANTONIO LUIZ;AGUA FRIA;83;SIM;NÃO;NÃO;NÃO;NÃO;2023
ESCOLA MUNICIPAL;458;ANTONIO LUIZ - ANEXO I;AGUA FRIA;50;NÂO;NÃO;NÃO;SIM;NÃO;2023
ESCOLA MUNICIPAL;44;ANTONIO TIBURCIO;ALTO SANTA TEREZINHA;155;NÂO;NÃO;NÃO;SIM;NÃO;2023
ESCOLA MUNICIPAL;924;CAMPINA DO BARRETO;CAJUEIRO;321;NÂO;NÃO;NÃO;SIM;SIM;2023
ESCOLA MUNICIPAL;400;COMPOSITOR CAPIBA;TORREAO;143;SIM;NÃO;NÃO;NÃO;SIM;2023
ESCOLA MUNICIPAL;61;COMPOSITOR LEVINO FERREIRA;ALTO JOSE BONIFACIO;212;SIM;NÃO;NÃO;SIM;SIM;2023
ESCOLA MUNICIPAL;999;CRECHE ESCOLA MUNICIPAL JOAO AMAZONAS;DOIS UNIDOS;134;NÂO;NÃO;NÃO;NÃO;NÃO;2023
ESCOLA MUNICIPAL;923;DE AGUA FRIA;CAMPINA DO BARRETO;111;NÂO;NÃO;NÃO;SIM;SIM;2023
ESCOLA MUNICIPAL;493;DE AGUA FRIA - ANEXO;CAMPINA DO BARRETO;145;NÂO;NÃO;NÃO;SIM;NÃO;2023
ESCOLA MUNICIPAL;936;DE BEBERIBE;BEBERIBE;149;SIM;NÃO;NÃO;SIM;SIM;2023
ESCOLA MUNICIPAL;176;DEUS E AMOR;AGUA FRIA;97;SIM;NÃO;NÃO;NÃO;NÃO;2023
ESCOLA MUNICIPAL;960;DEUS E AMOR - ANEXO I;AGUA FRIA;60;NÂO;NÃO;NÃO;NÃO;NÃO;2023
ESCOLA MUNICIPAL;949;ENGENHEIRO EDINALDO MIRANDA DE OLIVEIRA;ENCRUZILHADA;184;NÂO;NÃO;NÃO;NÃO;NÃO;2023
ESCOLA MUNICIPAL;385;IRMA TEREZINHA BATISTA - ANEXO I;CAMPINA DO BARRETO;217;NÂO;NÃO;NÃO;NÃO;NÃO;2023
ESCOLA MUNICIPAL;99;IRMA TEREZINHA BATISTA PROJ NOVO VIVER;CAMPINA DO BARRETO;231;NÂO;NÃO;NÃO;NÃO;SIM;2023
ESCOLA MUNICIPAL;60;JOSEFINA MARINHO;ALTO JOSE DO PINHO;183;NÂO;NÃO;NÃO;NÃO;NÃO;2023
ESCOLA MUNICIPAL;966;LADJANE BANDEIRA;AGUA FRIA;84;NÂO;NÃO;NÃO;NÃO;NÃO;2023
ESCOLA MUNICIPAL;55;LUIZ LUA GONZAGA;BOMBA DO HEMETERIO;224;SIM;NÃO;NÃO;SIM;SIM;2023
ESCOLA MUNICIPAL;42;MANOEL ANTONIO DE FREITAS;ALTO SANTA TEREZINHA;234;NÂO;NÃO;NÃO;NÃO;NÃO;2023
ESCOLA MUNICIPAL;12;MARIO MELO;CAMPO GRANDE;742;NÂO;NÃO;SIM;SIM;SIM;2023
ESCOLA MUNICIPAL;47;MONSENHOR VIANA;BEBERIBE;303;NÂO;NÃO;NÃO;SIM;SIM;2023
ESCOLA MUNICIPAL;6;MONTEIRO LOBATO;PEIXINHOS;304;NÂO;NÃO;NÃO;SIM;SIM;2023
ESCOLA MUNICIPAL;59;NOVA AURORA;AGUA FRIA;115;NÂO;NÃO;NÃO;NÃO;NÃO;2023
ESCOLA MUNICIPAL;46;NOVO HORIZONTE;AGUA FRIA;279;SIM;NÃO;NÃO;SIM;SIM;2023
ESCOLA MUNICIPAL;13;OLINDINA MONTEIRO DE OLIVEIRA FRANCA;DOIS UNIDOS;496;NÂO;NÃO;SIM;SIM;SIM;2023
ESCOLA MUNICIPAL;131;PASTOR PAULO LEIVAS MACALAO;LINHA DO TIRO;417;NÂO;NÃO;NÃO;NÃO;SIM;2023
ESCOLA MUNICIPAL;9;PAULO VI;LINHA DO TIRO;397;NÂO;NÃO;NÃO;SIM;SIM;2023
ESCOLA MUNICIPAL;446;POETA JONATAS BRAGA;CAMPO GRANDE;139;NÂO;NÃO;SIM;NÃO;SIM;2023
ESCOLA MUNICIPAL;957;POETA SOLANO TRINDADE;AGUA FRIA;369;SIM;NÃO;NÃO;SIM;SIM;2023
ESCOLA MUNICIPAL;346;PROF JANDIRA BOTELHO PEREIRA DA COSTA;CAMPO GRANDE;678;NÂO;NÃO;NÃO;SIM;SIM;2023
ESCOLA MUNICIPAL;332;PROFESSOR RICARDO GAMA;LINHA DO TIRO;573;NÂO;NÃO;SIM;SIM;SIM;2023
ESCOLA MUNICIPAL;379;PROFESSORA HELIA MARIA PEREIRA;CAMPO GRANDE;126;NÂO;NÃO;NÃO;NÃO;SIM;2023
ESCOLA MUNICIPAL;96;SANTA CECILIA;CAMPO GRANDE;349;SIM;NÃO;NÃO;SIM;SIM;2023
ESCOLA MUNICIPAL;56;SAO JOAO BATISTA;LINHA DO TIRO;343;NÂO;NÃO;NÃO;SIM;SIM;2023
ESCOLA MUNICIPAL;285;SERVICO SOCIAL DE BELEM;ENCRUZILHADA;109;NÂO;NÃO;NÃO;NÃO;NÃO;2023
ESCOLA MUNICIPAL;113;ALTO DA GUABIRABA;BREJO DA GUABIRABA;188;SIM;SIM;NÃO;SIM;SIM;2023
ESCOLA MUNICIPAL;311;ALTO DO REFUGIO - IVAN NEVES - ANEXO I;BREJO DE BEBERIBE;87;SIM;NÃO;NÃO;NÃO;NÃO;2023
ESCOLA MUNICIPAL;251;ALTO DO REFUGIO IVAN NEVES;BREJO DE BEBERIBE;115;SIM;NÃO;NÃO;NÃO;NÃO;2023
ESCOLA MUNICIPAL;115;ALTO JARDIM PROGRESSO;NOVA DESCOBERTA;268;NÂO;NÃO;NÃO;SIM;SIM;2023
ESCOLA MUNICIPAL;406;ALTO JARDIM PROGRESSO - ANEXO I;NOVA DESCOBERTA;73;NÂO;NÃO;NÃO;NÃO;NÃO;2023
ESCOLA MUNICIPAL;448;ARQUITETO ALEXANDRE MUNIZ DE OLIVEIRA;CORREGO DO JENIPAPO;280;SIM;NÃO;NÃO;SIM;NÃO;2023
ESCOLA MUNICIPAL;63;BOA ESPERANCA;VASCO DA GAMA;285;NÂO;NÃO;NÃO;NÃO;SIM;2023
ESCOLA MUNICIPAL;427;BOLA NA REDE;GUABIRABA;478;NÂO;NÃO;NÃO;NÃO;SIM;2023
ESCOLA MUNICIPAL;382;CECILIA MEIRELLES;MACAXEIRA;162;SIM;NÃO;SIM;NÃO;NÃO;2023
ESCOLA MUNICIPAL;420;CHICO SCIENCE;VASCO DA GAMA;111;NÂO;NÃO;NÃO;NÃO;SIM;2023
ESCOLA MUNICIPAL;120;CORREGO DA AREIA;NOVA DESCOBERTA;190;NÂO;NÃO;NÃO;NÃO;NÃO;2023
ESCOLA MUNICIPAL;58;CORREGO DA BICA;PASSARINHO;280;NÂO;NÃO;NÃO;SIM;SIM;2023
ESCOLA MUNICIPAL;342;CORREGO DO EUCLIDES;MORRO DA CONCEICAO;297;NÂO;NÃO;NÃO;SIM;SIM;2023
ESCOLA MUNICIPAL;996;DA GUABIRABA;BREJO DA GUABIRABA;554;NÂO;NÃO;NÃO;SIM;SIM;2023
ESCOLA MUNICIPAL;203;DA GUABIRABA ANEXO II;BREJO DA GUABIRABA;0;NÂO;NÃO;NÃO;NÃO;NÃO;2023
ESCOLA MUNICIPAL;52;DA MANGABEIRA;MANGABEIRA;619;SIM;SIM;NÃO;SIM;SIM;2023
ESCOLA MUNICIPAL;414;DE ALTAS HABILIDADES E SUPERDOTACAO;TAMARINEIRA;0;NÂO;NÃO;NÃO;NÃO;NÃO;2023
ESCOLA MUNICIPAL;310;DE CASA AMARELA;MACAXEIRA;242;NÂO;NÃO;NÃO;SIM;SIM;2023
ESCOLA MUNICIPAL;413;DE SURDOCEGUEIRA E DEFICIENCIA MULTIPLA;TAMARINEIRA;0;NÂO;NÃO;NÃO;NÃO;NÃO;2023
ESCOLA MUNICIPAL;412;DE TRANSTORNO GLOBAL DO DESENVOLVIMENTO;TAMARINEIRA;0;NÂO;NÃO;NÃO;NÃO;NÃO;2023
ESCOLA MUNICIPAL;378;DEOCLECIANO OLIVEIRA DE LIMA;MACAXEIRA;150;NÂO;NÃO;NÃO;SIM;NÃO;2023
ESCOLA MUNICIPAL;261;DEP FERNANDO SAMPAIO ANX I ANTONIO FELIX;NOVA DESCOBERTA;149;NÂO;NÃO;NÃO;NÃO;NÃO;2023
ESCOLA MUNICIPAL;255;DEPUTADO FERNANDO SAMPAIO;NOVA DESCOBERTA;164;NÂO;NÃO;NÃO;NÃO;NÃO;2023
ESCOLA MUNICIPAL;968;DIACONO ABEL GUEIROS;MACAXEIRA;356;NÂO;NÃO;NÃO;NÃO;SIM;2023
ESCOLA MUNICIPAL;92;DOM HELDER CAMARA;ESPINHEIRO;294;NÂO;NÃO;SIM;SIM;SIM;2023
ESCOLA MUNICIPAL;77;DOM JOSE LAMARTINE SOARES;VASCO DA GAMA;286;NÂO;NÃO;NÃO;NÃO;NÃO;2023
ESCOLA MUNICIPAL;277;DOM JOSE LAMARTINE SOARES - ANEXO I CVC;VASCO DA GAMA;66;NÂO;NÃO;NÃO;NÃO;NÃO;2023
ESCOLA MUNICIPAL;57;DOUTOR CAETE;NOVA DESCOBERTA;299;NÂO;NÃO;SIM;SIM;NÃO;2023
ESCOLA MUNICIPAL;45;DRAOMIRO CHAVES AGUIAR;CASA AMARELA;418;NÂO;NÃO;NÃO;SIM;SIM;2023
ESCOLA MUNICIPAL;71;HISTORIADOR FLAVIO GUERRA;PASSARINHO;135;SIM;NÃO;NÃO;NÃO;NÃO;2023
ESCOLA MUNICIPAL;313;HISTORIADOR FLAVIO GUERRA - ANEXO I;PASSARINHO;178;SIM;NÃO;NÃO;NÃO;SIM;2023
ESCOLA MUNICIPAL;389;JULIO VICENTE ALVES DE ARAU ANX I CERVAC;MORRO DA CONCEICAO;0;NÂO;NÃO;NÃO;NÃO;SIM;2023
ESCOLA MUNICIPAL;80;JULIO VICENTE ALVES DE ARAUJO;MORRO DA CONCEICAO;225;NÂO;NÃO;NÃO;NÃO;SIM;2023
ESCOLA MUNICIPAL;62;MARGARIDA DE SIQUEIRA PESSOA;ALTO JOSE BONIFACIO;287;NÂO;NÃO;NÃO;SIM;NÃO;2023
ESCOLA MUNICIPAL;333;MARLUCE SANTIAGO DA SILVA;PASSARINHO;407;SIM;NÃO;NÃO;NÃO;SIM;2023
ESCOLA MUNICIPAL;955;MARLUCE SANTIAGO DA SILVA - ANEXO I;PASSARINHO;81;SIM;NÃO;NÃO;NÃO;NÃO;2023
ESCOLA MUNICIPAL;79;MAURICIO DE NASSAU;ALTO DO MANDU;223;NÂO;NÃO;NÃO;NÃO;NÃO;2023
ESCOLA MUNICIPAL;27;MUNDO ESPERANCA;SITIO DOS PINTOS;336;NÂO;NÃO;NÃO;NÃO;NÃO;2023
ESCOLA MUNICIPAL;78;NADIR COLACO;MACAXEIRA;384;NÂO;NÃO;SIM;SIM;SIM;2023
ESCOLA MUNICIPAL;206;NOVA DESCOBERTA;PASSARINHO;490;NÂO;NÃO;NÃO;SIM;SIM;2023
ESCOLA MUNICIPAL;48;OCTAVIO DE MEIRA LINS;VASCO DA GAMA;670;NÂO;NÃO;SIM;SIM;SIM;2023
ESCOLA MUNICIPAL;145;PADRE ANTONIO HENRIQUE;DERBY;367;SIM;NÃO;NÃO;SIM;SIM;2023
ESCOLA MUNICIPAL;405;PADRE ANTONIO HENRIQUE ANEXO I;BOA VISTA;106;SIM;NÃO;SIM;SIM;NÃO;2023
ESCOLA MUNICIPAL;123;PADRE DONINO;CASA FORTE;215;NÂO;SIM;NÃO;SIM;SIM;2023
ESCOLA MUNICIPAL;288;PEDRINHO;NOVA DESCOBERTA;117;NÂO;NÃO;NÃO;NÃO;NÃO;2023
ESCOLA MUNICIPAL;97;PEDRO ALCANTARA;CORREGO DO JENIPAPO;140;NÂO;NÃO;NÃO;NÃO;NÃO;2023
ESCOLA MUNICIPAL;51;POETA JOAQUIM CARDOSO;NOVA DESCOBERTA;659;NÂO;NÃO;NÃO;SIM;NÃO;2023
ESCOLA MUNICIPAL;318;PRESBITERO JOSE BEZERRA;MACAXEIRA;401;NÂO;NÃO;NÃO;SIM;SIM;2023
ESCOLA MUNICIPAL;21;PROFESSOR ADERBAL GALVAO;VASCO DA GAMA;474;NÂO;NÃO;NÃO;NÃO;NÃO;2023
ESCOLA MUNICIPAL;376;PROFESSOR JOSE SOARES DA SILVA;NOVA DESCOBERTA;344;NÂO;NÃO;NÃO;SIM;SIM;2023
ESCOLA MUNICIPAL;22;PROFESSOR MAURO MOTA;NOVA DESCOBERTA;425;NÂO;NÃO;NÃO;NÃO;NÃO;2023
ESCOLA MUNICIPAL;50;PROFESSOR MOACYR DE ALBUQUERQUE;NOVA DESCOBERTA;310;NÂO;NÃO;NÃO;NÃO;SIM;2023
ESCOLA MUNICIPAL;132;PROFESSOR NILO PEREIRA;CASA AMARELA;328;SIM;SIM;NÃO;SIM;SIM;2023
ESCOLA MUNICIPAL;423;PROFESSOR NILO PEREIRA ANEXO APAE;MONTEIRO;0;NÂO;SIM;NÃO;SIM;SIM;2023
ESCOLA MUNICIPAL;17;PROFESSORA ALMERINDA UMBELINO DE BARROS;VASCO DA GAMA;695;SIM;NÃO;SIM;SIM;SIM;2023
ESCOLA MUNICIPAL;252;RENATO ACCIOLY CARNEIRO CAMPOS;NOVA DESCOBERTA;149;NÂO;NÃO;NÃO;SIM;SIM;2023
ESCOLA MUNICIPAL;401;ROZEMAR DE MACEDO LIMA;CASA AMARELA;370;NÂO;NÃO;NÃO;SIM;SIM;2023
ESCOLA MUNICIPAL;5;SANTA MARIA;ALTO JOSE DO PINHO;651;NÂO;NÃO;NÃO;NÃO;SIM;2023
ESCOLA MUNICIPAL;265;SANTA MARIA GORETTI;VASCO DA GAMA;304;SIM;NÃO;NÃO;SIM;SIM;2023
ESCOLA MUNICIPAL;11;SAO CRISTOVAO;BREJO DA GUABIRABA;485;SIM;SIM;NÃO;SIM;SIM;2023
ESCOLA MUNICIPAL;306;SEVERINA LIRA;TAMARINEIRA;193;NÂO;SIM;NÃO;SIM;SIM;2023
ESCOLA MUNICIPAL;23;SOCIOLOGO GILBERTO FREYRE;DOIS IRMAOS;476;NÂO;NÃO;NÃO;SIM;SIM;2023
ESCOLA MUNICIPAL;85;VIRGEM PODEROSA;PARNAMIRIM;237;NÂO;NÃO;NÃO;SIM;SIM;2023
ESCOLA MUNICIPAL;3;ARRAIAL NOVO DO BOM JESUS;TORROES;775;NÂO;NÃO;SIM;SIM;SIM;2023
ESCOLA MUNICIPAL;190;CASARAO DO BARBALHO;IPUTINGA;361;NÂO;NÃO;NÃO;SIM;SIM;2023
ESCOLA MUNICIPAL;39;CELIA ARRAES;VARZEA;326;NÂO;NÃO;NÃO;SIM;SIM;2023
ESCOLA MUNICIPAL;36;CREUSA DE FREITAS CAVALCANTI;TORROES;622;NÂO;NÃO;NÃO;NÃO;NÃO;2023
ESCOLA MUNICIPAL;19;DA IPUTINGA;IPUTINGA;630;NÂO;NÃO;NÃO;SIM;SIM;2023
ESCOLA MUNICIPAL;334;DARCY RIBEIRO;CORDEIRO;603;NÂO;SIM;NÃO;SIM;SIM;2023
ESCOLA MUNICIPAL;340;DINA DE OLIVEIRA;IPUTINGA;803;NÂO;SIM;NÃO;SIM;SIM;2023
ESCOLA MUNICIPAL;18;DIVINO ESPIRITO SANTO;VARZEA;433;SIM;SIM;SIM;SIM;SIM;2023
ESCOLA MUNICIPAL;139;DO DOM;VARZEA;169;SIM;NÃO;NÃO;SIM;SIM;2023
ESCOLA MUNICIPAL;68;DOS TORROES;TORROES;188;SIM;NÃO;NÃO;NÃO;NÃO;2023
ESCOLA MUNICIPAL;292;DOUTOR EBENEZER GUEIROS;IPUTINGA;411;NÂO;SIM;NÃO;SIM;SIM;2023
ESCOLA MUNICIPAL;49;DOUTOR RODOLFO AURELIANO;VARZEA;635;NÂO;SIM;NÃO;SIM;SIM;2023
ESCOLA MUNICIPAL;440;DOUTOR SAMUEL GONCALVES;PRADO;183;SIM;NÃO;NÃO;NÃO;NÃO;2023
ESCOLA MUNICIPAL;41;ENGENHO DO MEIO;ENGENHO DO MEIO;686;SIM;NÃO;NÃO;SIM;SIM;2023
ESCOLA MUNICIPAL;75;HENFIL;VARZEA;216;SIM;NÃO;NÃO;SIM;SIM;2023
ESCOLA MUNICIPAL;938;JADER FIGUEIREDO DE ANDRADE SILVA;ENGENHO DO MEIO;240;SIM;NÃO;NÃO;NÃO;SIM;2023
ESCOLA MUNICIPAL;391;JADER FIGUEIREDO DE ANDRADE SILVA - ANEX;ENGENHO DO MEIO;130;NÂO;NÃO;NÃO;SIM;NÃO;2023
ESCOLA MUNICIPAL;297;JOAO PESSOA GUERRA;VARZEA;217;NÂO;NÃO;NÃO;SIM;SIM;2023
ESCOLA MUNICIPAL;20;JOAO XXIII;IPUTINGA;431;NÂO;NÃO;NÃO;SIM;SIM;2023
ESCOLA MUNICIPAL;40;MAGALHAES BASTOS;VARZEA;578;NÂO;NÃO;NÃO;SIM;SIM;2023
ESCOLA MUNICIPAL;380;MERCIA DE ALBUQUERQUE FERREIRA;ILHA DO RETIRO;302;NÂO;NÃO;NÃO;SIM;SIM;2023
ESCOLA MUNICIPAL;137;NOVA MORADA;CAXANGA;169;SIM;NÃO;NÃO;SIM;SIM;2023
ESCOLA MUNICIPAL;395;NOVA MORADA - ANEXO I;CAXANGA;262;SIM;NÃO;NÃO;NÃO;NÃO;2023
ESCOLA MUNICIPAL;441;PAPA JOAO XXIII;ENGENHO DO MEIO;226;SIM;NÃO;NÃO;SIM;NÃO;2023
ESCOLA MUNICIPAL;443;PAROQUIAL CRISTO REI;TORRE;257;NÂO;SIM;NÃO;SIM;SIM;2023
ESCOLA MUNICIPAL;67;PROF ELIZABETH SALES COUTINHO BARROS;TORROES;237;NÂO;NÃO;NÃO;SIM;NÃO;2023
ESCOLA MUNICIPAL;347;PROFESSOR JOAO BATISTA LIPPO NETO;VARZEA;164;NÂO;NÃO;NÃO;SIM;SIM;2023
ESCOLA MUNICIPAL;365;PROFESSOR JOAO FRANCISCO DE SOUZA;VARZEA;396;NÂO;NÃO;NÃO;SIM;SIM;2023
ESCOLA MUNICIPAL;444;SAO DOMINGOS;IPUTINGA;303;SIM;NÃO;NÃO;NÃO;SIM;2023
ESCOLA MUNICIPAL;38;SENADOR JOSE ERMIRIO DE MORAES;VARZEA;360;NÂO;NÃO;NÃO;SIM;SIM;2023
ESCOLA MUNICIPAL;964;SITIO DO BERARDO;MADALENA;162;SIM;NÃO;NÃO;NÃO;SIM;2023
ESCOLA MUNICIPAL;481;SOLDADO JOSE ANTONIO DO NASCIMENTO ANEXO;MADALENA;0;NÂO;SIM;NÃO;SIM;NÃO;2023
ESCOLA MUNICIPAL;331;VILA SANTA LUZIA;CORDEIRO;501;NÂO;NÃO;NÃO;SIM;SIM;2023
ESCOLA MUNICIPAL;34;ZUMBI DOS PALMARES;VARZEA;565;NÂO;NÃO;NÃO;NÃO;SIM;2023
ESCOLA MUNICIPAL;962;ALTO DA BELA VISTA;COQUEIRAL;114;NÂO;NÃO;NÃO;NÃO;NÃO;2023
ESCOLA MUNICIPAL;411;ALTO DA BELA VISTA - ANEXO I;COQUEIRAL;72;NÂO;NÃO;NÃO;NÃO;NÃO;2023
ESCOLA MUNICIPAL;102;ANDRE DE MELO;ESTANCIA;578;NÂO;NÃO;NÃO;SIM;SIM;2023
ESCOLA MUNICIPAL;14;ANTONIO FARIAS FILHO;SAN MARTIN;796;NÂO;SIM;NÃO;SIM;SIM;2023
ESCOLA MUNICIPAL;100;BALBINA MENELAU;JARDIM SAO PAULO;346;NÂO;NÃO;SIM;SIM;SIM;2023
ESCOLA MUNICIPAL;73;CASA DOS FERROVIARIOS;COQUEIRAL;413;NÂO;NÃO;NÃO;SIM;SIM;2023
ESCOLA MUNICIPAL;974;CHICO MENDES;CACOTE;437;SIM;NÃO;NÃO;SIM;SIM;2023
ESCOLA MUNICIPAL;2;DE TEJIPIO;COQUEIRAL;460;NÂO;NÃO;NÃO;SIM;SIM;2023
ESCOLA MUNICIPAL;948;DO BARRO;BARRO;194;NÂO;NÃO;NÃO;SIM;SIM;2023
ESCOLA MUNICIPAL;927;DO PANTANAL;BARRO;138;SIM;NÃO;NÃO;NÃO;NÃO;2023
ESCOLA MUNICIPAL;952;DO PANTANAL - ANEXO I;BARRO;108;SIM;NÃO;NÃO;NÃO;NÃO;2023
ESCOLA MUNICIPAL;995;DO PANTANAL - ANEXO II;BARRO;66;SIM;NÃO;NÃO;NÃO;NÃO;2023
ESCOLA MUNICIPAL;950;DO SANCHO;SANCHO;349;NÂO;NÃO;SIM;SIM;SIM;2023
ESCOLA MUNICIPAL;29;DOM BOSCO;JARDIM SAO PAULO;445;NÂO;NÃO;SIM;SIM;SIM;2023
ESCOLA MUNICIPAL;84;DOS REMEDIOS;PRADO;361;NÂO;SIM;NÃO;SIM;SIM;2023
ESCOLA MUNICIPAL;89;DOUTOR ANTONIO CORREIA;BARRO;206;NÂO;NÃO;NÃO;NÃO;NÃO;2023
ESCOLA MUNICIPAL;291;EDITE BRAGA;AFOGADOS;358;NÂO;NÃO;NÃO;SIM;NÃO;2023
ESCOLA MUNICIPAL;602;ESCOLA SANTA LUZIA;ESTANCIA;396;NÂO;SIM;NÃO;SIM;SIM;2023
ESCOLA MUNICIPAL;76;GENERAL SAN MARTIN;SAN MARTIN;409;NÂO;NÃO;NÃO;NÃO;SIM;2023
ESCOLA MUNICIPAL;917;GOVERNADOR MIGUEL ARRAES DE ALENCAR;ESTANCIA;514;SIM;SIM;NÃO;SIM;SIM;2023
ESCOLA MUNICIPAL;24;HUGO GERDAU;SAN MARTIN;407;SIM;SIM;NÃO;SIM;SIM;2023
ESCOLA MUNICIPAL;371;ISAAC PEREIRA DA SILVA;AREIAS;249;SIM;NÃO;NÃO;SIM;SIM;2023
ESCOLA MUNICIPAL;304;JARDIM UCHOA;AREIAS;271;SIM;NÃO;SIM;NÃO;SIM;2023
ESCOLA MUNICIPAL;101;MANOEL ROLIM;TEJIPIO;105;NÂO;NÃO;NÃO;NÃO;SIM;2023
ESCOLA MUNICIPAL;941;MANOEL ROLIM - ANEXO I;JARDIM SAO PAULO;93;NÂO;NÃO;NÃO;NÃO;SIM;2023
ESCOLA MUNICIPAL;136;MARECHAL RONDON;TEJIPIO;426;NÂO;NÃO;NÃO;SIM;NÃO;2023
ESCOLA MUNICIPAL;98;PADRE JOSE DE ANCHIETA;MUSTARDINHA;535;SIM;NÃO;SIM;SIM;SIM;2023
ESCOLA MUNICIPAL;72;PADRE JOSE MATHIAS DELGADO;JARDIM SAO PAULO;443;NÂO;SIM;NÃO;NÃO;SIM;2023
ESCOLA MUNICIPAL;354;PARQUE DOS MILAGRES;BARRO;209;NÂO;NÃO;NÃO;NÃO;NÃO;2023
ESCOLA MUNICIPAL;419;PARQUE DOS MILAGRES - ANEXO II;BARRO;229;NÂO;NÃO;NÃO;NÃO;NÃO;2023
ESCOLA MUNICIPAL;972;POETA CARLOS PENA FILHO;JARDIM SAO PAULO;279;NÂO;NÃO;NÃO;SIM;SIM;2023
ESCOLA MUNICIPAL;335;PROFESSOR ANTONIO DE BRITO ALVES;MUSTARDINHA;834;NÂO;SIM;NÃO;SIM;SIM;2023
ESCOLA MUNICIPAL;339;PROFESSOR POTIGUAR MATOS;SAN MARTIN;415;NÂO;NÃO;NÃO;SIM;SIM;2023
ESCOLA MUNICIPAL;64;PROFESSORA MARIA DA PAZ BRANDAO ALVES;SANCHO;580;NÂO;NÃO;SIM;SIM;SIM;2023
ESCOLA MUNICIPAL;290;PROFESSORA PRIMITIVA DE BARROS SILVA;JARDIM SAO PAULO;223;NÂO;NÃO;NÃO;SIM;NÃO;2023
ESCOLA MUNICIPAL;269;SANTA EDWIGES;AFOGADOS;132;SIM;NÃO;NÃO;NÃO;NÃO;2023
ESCOLA MUNICIPAL;81;SANTO ANTONIO DO CACOTE;AREIAS;184;SIM;NÃO;NÃO;SIM;NÃO;2023
ESCOLA MUNICIPAL;83;VILA SAO MIGUEL;AFOGADOS;409;SIM;NÃO;NÃO;SIM;SIM;2023
ESCOLA MUNICIPAL;182;WALDEMAR VALENTE;CURADO;281;SIM;NÃO;SIM;SIM;SIM;2023
ESCOLA MUNICIPAL;146;ABILIO GOMES;BOA VIAGEM;313;NÂO;NÃO;NÃO;NÃO;NÃO;2023
ESCOLA MUNICIPAL;144;ARTISTA PLASTICO CICERO DIAS;COHAB;460;NÂO;NÃO;NÃO;SIM;NÃO;2023
ESCOLA MUNICIPAL;967;ASA BRANCA;COHAB;263;NÂO;NÃO;NÃO;SIM;NÃO;2023
ESCOLA MUNICIPAL;183;BEATO EUGENIO MAZENOD;IMBIRIBEIRA;323;SIM;NÃO;NÃO;NÃO;NÃO;2023
ESCOLA MUNICIPAL;107;CAPELA SANTO ANTONIO;IMBIRIBEIRA;150;NÂO;NÃO;NÃO;NÃO;SIM;2023
ESCOLA MUNICIPAL;997;CARLUCIO DE SOUZA CASTANHA JUNIOR;COHAB;520;NÂO;NÃO;NÃO;SIM;SIM;2023
ESCOLA MUNICIPAL;16;CICERO FRANKLIN CORDEIRO;COHAB;537;NÂO;NÃO;SIM;SIM;SIM;2023
ESCOLA MUNICIPAL;37;CLARICE LISPECTOR;IPSEP;321;NÂO;SIM;NÃO;SIM;SIM;2023
ESCOLA MUNICIPAL;213;CRISTIANO CORDEIRO;COHAB;520;NÂO;NÃO;NÃO;SIM;SIM;2023
ESCOLA MUNICIPAL;116;DE DOIS RIOS;COHAB;301;SIM;NÃO;NÃO;SIM;SIM;2023
ESCOLA MUNICIPAL;374;DEPUTADO EDSON CANTARELLI;IBURA;341;SIM;NÃO;NÃO;SIM;SIM;2023
ESCOLA MUNICIPAL;33;DO JORDAO;JORDAO;241;NÂO;NÃO;NÃO;SIM;NÃO;2023
ESCOLA MUNICIPAL;105;DO LEAO;BOA VIAGEM;215;NÂO;NÃO;NÃO;NÃO;NÃO;2023
ESCOLA MUNICIPAL;435;DONA LUCI SILVA LIMA;IMBIRIBEIRA;160;SIM;NÃO;NÃO;NÃO;NÃO;2023
ESCOLA MUNICIPAL;298;EDUCADOR PAULO FREIRE;IPSEP;516;NÂO;SIM;NÃO;SIM;SIM;2023
ESCOLA MUNICIPAL;28;ENGENHEIRO GUILHERME DINIZ;IBURA;382;NÂO;NÃO;NÃO;SIM;SIM;2023
ESCOLA MUNICIPAL;309;ENGENHEIRO HENOCH COUTINHO DE MELO;PINA;337;NÂO;NÃO;NÃO;SIM;SIM;2023
ESCOLA MUNICIPAL;114;ENGENHEIRO UMBERTO GONDIM;PINA;407;NÂO;NÃO;NÃO;SIM;NÃO;2023
ESCOLA MUNICIPAL;447;ESCRITOR JOSUE DE CASTRO;BRASILIA TEIMOSA;201;NÂO;NÃO;NÃO;SIM;SIM;2023
ESCOLA MUNICIPAL;249;FERNANDO SANTA CRUZ;JORDAO;130;NÂO;NÃO;NÃO;NÃO;SIM;2023
ESCOLA MUNICIPAL;245;FLORESTAN FERNANDES;IBURA;825;NÂO;NÃO;NÃO;SIM;SIM;2023
ESCOLA MUNICIPAL;141;FUTURO FELIZ;IBURA;217;NÂO;NÃO;NÃO;NÃO;SIM;2023
ESCOLA MUNICIPAL;926;IBURA DE BAIXO;IBURA;315;NÂO;NÃO;NÃO;NÃO;SIM;2023
ESCOLA MUNICIPAL;69;INES SOARES DE LIMA;IMBIRIBEIRA;218;SIM;NÃO;NÃO;SIM;SIM;2023
ESCOLA MUNICIPAL;148;JARDIM MAURICEIA;IMBIRIBEIRA;191;NÂO;NÃO;SIM;SIM;SIM;2023
ESCOLA MUNICIPAL;963;JARDIM MONTE VERDE;COHAB;518;NÂO;NÃO;NÃO;SIM;SIM;2023
ESCOLA MUNICIPAL;246;JORDAO BAIXO;JORDAO;132;SIM;NÃO;NÃO;SIM;SIM;2023
ESCOLA MUNICIPAL;954;JORDAO BAIXO - ANEXO I;JORDAO;121;SIM;NÃO;NÃO;NÃO;SIM;2023
ESCOLA MUNICIPAL;372;JOSE MUCIO MONTEIRO;COHAB;222;NÂO;NÃO;NÃO;SIM;SIM;2023
ESCOLA MUNICIPAL;110;KARLA PATRICIA;BOA VIAGEM;576;NÂO;SIM;NÃO;SIM;SIM;2023
ESCOLA MUNICIPAL;82;LAGOA ENCANTADA;COHAB;182;SIM;SIM;NÃO;SIM;NÃO;2023
ESCOLA MUNICIPAL;15;LUIZ VAZ DE CAMOES;IPSEP;519;NÂO;SIM;NÃO;SIM;SIM;2023
ESCOLA MUNICIPAL;956;MAESTRO NELSON FERREIRA;IBURA;111;SIM;NÃO;NÃO;NÃO;SIM;2023
ESCOLA MUNICIPAL;26;MARGARIDA SERPA COSSART;COHAB;251;NÂO;NÃO;NÃO;NÃO;NÃO;2023
ESCOLA MUNICIPAL;31;MARIA ADELAIDE DE BARROS;COHAB;314;NÂO;SIM;NÃO;NÃO;SIM;2023
ESCOLA MUNICIPAL;10;MARIA DE SAMPAIO LUCENA;COHAB;414;NÂO;SIM;NÃO;SIM;SIM;2023
ESCOLA MUNICIPAL;511;MENINO JESUS;PINA;119;NÂO;NÃO;NÃO;NÃO;SIM;2023
ESCOLA MUNICIPAL;424;MILTON ALMEIDA DOS SANTOS;IMBIRIBEIRA;144;NÂO;NÃO;NÃO;SIM;NÃO;2023
ESCOLA MUNICIPAL;150;NOSSA SENHORA DA PENHA;BOA VIAGEM;225;NÂO;NÃO;NÃO;NÃO;NÃO;2023
ESCOLA MUNICIPAL;112;NOVO PINA;PINA;455;NÂO;SIM;NÃO;SIM;SIM;2023
ESCOLA MUNICIPAL;121;OSWALDO LIMA FILHO;PINA;624;NÂO;SIM;NÃO;SIM;SIM;2023
ESCOLA MUNICIPAL;70;PAIS E FILHOS;IMBIRIBEIRA;351;SIM;NÃO;NÃO;NÃO;NÃO;2023
ESCOLA MUNICIPAL;348;PASTOR JOSE MUNGUBA SOBRINHO;JORDAO;295;NÂO;NÃO;NÃO;SIM;NÃO;2023
ESCOLA MUNICIPAL;491;PAZ E AMOR;IBURA;134;NÂO;NÃO;NÃO;NÃO;NÃO;2023
ESCOLA MUNICIPAL;106;PINTOR LULA CARDOSO AYRES;JORDAO;299;NÂO;NÃO;NÃO;SIM;SIM;2023
ESCOLA MUNICIPAL;928;POETA JOAO CABRAL DE MELO NETO;PINA;305;SIM;NÃO;NÃO;NÃO;SIM;2023
ESCOLA MUNICIPAL;164;POETA PAULO BANDEIRA DA CRUZ;COHAB;485;SIM;NÃO;NÃO;NÃO;SIM;2023
ESCOLA MUNICIPAL;108;PROF JOSE LOURENCO DE LIMA;IBURA;391;NÂO;NÃO;NÃO;SIM;SIM;2023
ESCOLA MUNICIPAL;32;PROFESSOR ADAUTO PONTES;JORDAO;260;NÂO;NÃO;NÃO;NÃO;SIM;2023
ESCOLA MUNICIPAL;336;PROFESSOR ENALDO MANOEL DE SOUZA;JORDAO;418;NÂO;NÃO;NÃO;SIM;SIM;2023
ESCOLA MUNICIPAL;373;PROFESSOR JULIO DE OLIVEIRA;IMBIRIBEIRA;453;NÂO;NÃO;SIM;SIM;SIM;2023
ESCOLA MUNICIPAL;127;PROFESSOR MANOEL TORRES;IMBIRIBEIRA;527;SIM;NÃO;NÃO;SIM;SIM;2023
ESCOLA MUNICIPAL;375;PROFESSOR ORLANDO PARAHYM;COHAB;182;NÂO;NÃO;NÃO;NÃO;NÃO;2023
ESCOLA MUNICIPAL;188;PROFESSOR SIMOES BARBOSA;IBURA;597;SIM;NÃO;NÃO;NÃO;SIM;2023
ESCOLA MUNICIPAL;341;PROFESSOR SOLANO MAGALHAES;PINA;362;NÂO;SIM;NÃO;SIM;NÃO;2023
ESCOLA MUNICIPAL;88;PROFESSORA SONIA MARIA DE ARAUJO SOUZA;JORDAO;207;NÂO;NÃO;NÃO;SIM;NÃO;2023
ESCOLA MUNICIPAL;186;SAO FRANCISCO DE ASSIS;BOA VIAGEM;243;SIM;NÃO;NÃO;NÃO;NÃO;2023
ESCOLA MUNICIPAL;360;SERRA DA PRATA;COHAB;134;NÂO;NÃO;NÃO;NÃO;NÃO;2023
ESCOLA MUNICIPAL;247;SEVERINA BERNADETE TEIXEIRA;COHAB;336;SIM;NÃO;NÃO;NÃO;SIM;2023
ESCOLA MUNICIPAL;25;TRES CARNEIROS;COHAB;300;SIM;NÃO;NÃO;SIM;NÃO;2023
ESCOLA MUNICIPAL;929;UR 05;COHAB;193;NÂO;NÃO;NÃO;NÃO;SIM;2023
ESCOLA MUNICIPAL;103;VILA OPERARIA DO RECIFE;IBURA;292;NÂO;NÃO;NÃO;SIM;NÃO;2023
ESCOLA MUNICIPAL;30;VILA SESAMO;COHAB;733;NÂO;NÃO;NÃO;NÃO;SIM;2023
ESCOLA MUNICIPAL;434;14 BIS;BOA VIAGEM;318;NÂO;NÃO;SIM;NÃO;SIM;2023
ESCOLA MUNICIPAL;133;27 DE NOVEMBRO;COHAB;257;SIM;NÃO;NÃO;NÃO;SIM;2023
