rpa;tipo_cod;tipo;cod_escola;escola;inep;rua;numero;cod_bairro;bairro;metragem;qtd_alunos;qtd_turmas;qtd_professores;escola_climatizada;data_visita;quadra_coberta;quadra_descoberta;biblioteca;sala_recurso;gestor;longitude;latitude
1;1;ESCOLA MUNICIPAL;090;ALMIRANTE SOARES DUTRA;26120658;CAMUTANGA;180;51;CABANGA;764,3;387;16;12;SIM;27/2/2018;NÃO;NÃO;SIM;SIM;VERONICA MARIA LIMA;-34.89535;-8.07895
1;1;ESCOLA MUNICIPAL;289;CIDADAO HERBERT DE SOUZA;26121972;ARNOBIO MARQUES;310;108;SANTO AMARO;206;207;12;12;NÂO;;NÃO;NÃO;NÃO;SIM;ANA CLAUDIA DO NASCIMENTO SILVA;-34.88707;-8.04576
1;1;ESCOLA MUNICIPAL;256;DO COQUE;26122898;MIRANDOPOLIS;35;43;ILHA JOANA BEZERRA;840,5;598;26;22;NÂO;;NÃO;NÃO;SIM;SIM;GRIJALBA MARIA PESSOA;-34.90022;-8.07145
1;1;ESCOLA MUNICIPAL;091;DOS COELHOS;26118670;DOS COELHOS;591;60;COELHOS;1322;763;35;28;NÂO;;NÃO;NÃO;SIM;SIM;FRANCISCA ANGELA DA SILVA;-34.89097;-8.06876
1;1;ESCOLA MUNICIPAL;384;FREI TADEU GLASER;26175347;AGAMENON MAGALHAES;600;108;SANTO AMARO;398,4;138;8;7;NÂO;19/4/2017;NÃO;NÃO;SIM;NÃO;KIRIA CELESTE DORNELAS DA SILVA;-34.87818;-8.04006
1;1;ESCOLA MUNICIPAL;104;GENERAL EMIDIO DANTAS BARRETO;26121980;DA SAUDADE;303;108;SANTO AMARO;1402,1;341;19;16;NÂO;;NÃO;SIM;SIM;SIM;MARIA SANDRA MARQUES VERAS;-34.88342;-8.05086
1;1;ESCOLA MUNICIPAL;282;LUTADORES DO BEM;26121913;CORONEL VIRGILIO DE MEDEIROS;269;108;SANTO AMARO;455,2;277;17;14;NÂO;;NÃO;NÃO;SIM;SIM;JOSANE PATRICIO SALDANHA;-34.87718;-8.04397
1;1;ESCOLA MUNICIPAL;312;NOSSA SENHORA DO PILAR;26147300;ALFREDO LISBOA;S/N;19;RECIFE;712,3;171;13;11;NÂO;;NÃO;SIM;SIM;SIM;RENATA ROSSY NOBLAT FRAGA;-34.86983;-8.05794
1;1;ESCOLA MUNICIPAL;922;NOVO MANGUE;26158400;AVENIDA CENTRAL;511;43;ILHA JOANA BEZERRA;1010,7;419;19;13;NÂO;;NÃO;SIM;SIM;SIM;FRANCISCO DE ASSIS SALDANHA FERREIRA;-34.90358;-8.0751
1;1;ESCOLA MUNICIPAL;066;PEDRO AUGUSTO;26121468;BARAO DE SAO BORJA;279;86;BOA VISTA;2245,5;387;15;13;SIM;;SIM;NÃO;SIM;SIM;JOSENIDE MATIAS PINHEIRO DE FREITAS;-34.89012;-8.0605
1;1;ESCOLA MUNICIPAL;004;PROFESSOR JOSE DA COSTA PORTO;26121255;CABO EUTROPIO;660;43;ILHA JOANA BEZERRA;1454,4;782;30;29;NÂO;6/6/2017;SIM;NÃO;SIM;SIM;SELME DE FIGUEIROA FARIA;-34.90061;-8.07192
1;1;ESCOLA MUNICIPAL;935;PROFESSOR JOSUE DE CASTRO;26167891;MARTIN LUTHER KING;368;43;ILHA JOANA BEZERRA;388;249;14;12;NÂO;;NÃO;NÃO;NÃO;NÃO;MARCIA CLAUDIA MATIAS DA SILVA;-34.89907;-8.06952
1;1;ESCOLA MUNICIPAL;001;REITOR JOAO ALFREDO;26121786;SENADOR JOSE HENRIQUE;160;78;ILHA DO LEITE;1832;330;13;13;NÂO;;SIM;NÃO;SIM;SIM;MARILIA OLIVEIRA SILVA MARINS;-34.89518;-8.06503
1;1;ESCOLA MUNICIPAL;189;SANTO AMARO;26134379;NORTE;570;108;SANTO AMARO;258,8;527;23;18;NÂO;;NÃO;NÃO;SIM;SIM;ANGELICA MARIA DE ALBUQUERQUE MACEDO;-34.8778;-8.04657
1;1;ESCOLA MUNICIPAL;093;SEDE DA SABEDORIA;26122014;ARTEMIS;30;108;SANTO AMARO;1188,8;510;25;16;NÂO;19/4/2017;NÃO;NÃO;SIM;SIM;LINDINALVA FERREIRA DE OLIVEIRA FREITAS;-34.87684;-8.04019
1;1;ESCOLA MUNICIPAL;095;SITIO DO CEU;26136269;ANCHIETA;85;108;SANTO AMARO;238,7;185;10;10;SIM;19/4/2017;NÃO;NÃO;NÃO;SIM;VIVIANE CRISTINA DE LIMA FREITAS;-34.88053;-8.04132
1;2;CRECHE MUNICIPAL;504;PROFESSOR FRANCISCO DO AMARAL LOPES;26158701;AGAMENON MAGALHAES;S/N;108;SANTO AMARO;440,8;128;8;7;NÂO;25/4/2017;NÃO;NÃO;NÃO;NÃO;ELIANE RODRIGUES DA SILVA;-34.88857;-8.0451
1;2;CRECHE MUNICIPAL;503;SAO DOMINGOS SAVIO;26149753;DOS CASADOS;164;108;SANTO AMARO;124,8;30;2;2;NÂO;;NÃO;NÃO;NÃO;NÃO;PATRICIA DE MORAIS TEIXEIRA;-34.87409;-8.03981
1;2;CRECHE MUNICIPAL;502;VOVO ARTUR;26149818;BEIRA RIO;S/N;60;COELHOS;644,7;104;5;5;NÂO;;NÃO;NÃO;NÃO;NÃO;CORINA MARIA FREIRE DE ALBUQUERQUE VIEIRA;-34.89116;-8.06907
1;5;CMEI;415;ANA ROSA FALCAO DE CARVALHO;26122022;JOAO LYRA;S/N;108;SANTO AMARO;1878,9;186;10;10;SIM;25/4/2017;NÃO;NÃO;SIM;SIM;RITA DE CASSIA CAVALCANTI;-34.88006;-8.0561
1;5;CMEI;426;COELHINHO PENSANTE;26419742;FATIMA TEIXEIRA;41;108;SANTO AMARO;330,4;101;7;6;NÂO;;NÃO;NÃO;SIM;NÃO;VIVIANE MENEZES DA SILVA;-34.8783;-8.0427
1;5;CMEI;425;DOUTOR ALBERICO DORNELAS CAMARA;26443716;CAIS DO APOLO;925;19;RECIFE;1398,8;103;7;6;NÂO;;NÃO;NÃO;NÃO;NÃO;ANA CRISTINA TEIXEIRA CAMPELO;-34.8727;-8.05429
1;5;CMEI;501;MAEZINHA DO COQUE;26149931;GUAPIRAMA;S/N;43;ILHA JOANA BEZERRA;671,3;140;7;7;SIM;;NÃO;NÃO;SIM;NÃO;ELIS MARIA BATISTA DE ARAUJO;-34.9;-8.07188
1;8;CRECHE ESC.RECIFE;495;DO PILAR;26190818;RUA DO OCIDENTE;S/N;19;RECIFE;;119;6;6;NÂO;;NÃO;NÃO;NÃO;NÃO;ROBERTA KAROLINA VASCONCELOS DE ARAUJO;-34.86983;-8.05689
1;8;CRECHE ESC.RECIFE;035;PORTO DIGITAL DO RECIFE;26190060;;050;19;RECIFE;;82;5;4;NÂO;;NÃO;NÃO;NÃO;NÃO;CRISTIANE GONCALVES PEREIRA;-34.8726;-8.06456
1;8;CRECHE ESC.RECIFE;497;SERGIO LORETO;26190575;RUA DO MUNIZ;001;35;SAO JOSE;;94;5;5;NÂO;;NÃO;NÃO;SIM;SIM;MONALIZA DE LIMA PAIVA CAVALCANTE;-34.88598;-8.07115
2;1;ESCOLA MUNICIPAL;111;ALDA ROMEU;26128110;CORREGO DO DEODATO;685;337;AGUA FRIA;1182,8;338;17;13;NÂO;;NÃO;NÃO;SIM;SIM;GEORGIA CRISTINA PEREIRA DE MELLO;-34.90094;-8.01364
2;1;ESCOLA MUNICIPAL;187;ALTO DO MARACANA;26136300;VILA FLOR;356;396;DOIS UNIDOS;721,9;446;23;14;NÂO;;NÃO;NÃO;SIM;NÃO;RENATA BARBOSA RODRIGUES DA CUNHA CALADO;-34.90904;-8.00255
2;1;ESCOLA MUNICIPAL;321;ALTO DO PASCOAL;26166593;LADEIRA DE PEDRA;1265;337;AGUA FRIA;176,6;554;25;19;NÂO;23/5/2017;NÃO;SIM;SIM;SIM;ROSANA GOMES MARTINS;-34.90213;-8.0147
2;1;ESCOLA MUNICIPAL;237;ALTO SANTA TEREZINHA;26139723;ANIBAL BENEVOLO;SN;337;AGUA FRIA;1004,3;617;29;26;SIM;;NÃO;NÃO;SIM;SIM;MARIA DA CONCEICAO SOUTO CARVALHO;-34.90285;-8.00987
2;1;ESCOLA MUNICIPAL;054;ANA MAURICIA WANDERLEY;26128764;JOAO UZEDA LUNA;813;337;AGUA FRIA;495,1;237;10;6;NÂO;;NÃO;NÃO;NÃO;NÃO;DIVANE MARIA CAMPOS LUCENA;-34.8961;-8.01799
2;1;ESCOLA MUNICIPAL;258;ANITA PAES BARRETO;26128926;GERONCIO FALCAO;198;345;FUNDAO;134;122;6;5;NÂO;1/6/2017;NÃO;NÃO;SIM;SIM;SANDRA DE OLIVEIRA ANACLETO SANTOS;-34.88736;-8.01492
2;1;ESCOLA MUNICIPAL;007;ANTONIO HERACLIO DO REGO;26128640;MANOEL SILVA;134;337;AGUA FRIA;4366;485;19;22;SIM;17/4/2017;SIM;NÃO;SIM;SIM;JOSE RONALDO CANDIDO DA SILVA;-34.88915;-8.01853
2;1;ESCOLA MUNICIPAL;086;ANTONIO LUIZ;26128659;SAO JOAO BATISTA;134;337;AGUA FRIA;142,7;109;9;7;SIM;17/4/2017;NÃO;NÃO;NÃO;NÃO;PAULA PRIGIDA OLIVEIRA DA COSTA NASCIMENTO;-34.8852;-8.01788
2;1;ESCOLA MUNICIPAL;458;ANTONIO LUIZ - ANEXO I;26128659;DAS MOCAS;1470;310;CAMPINA DO BARRETO;;51;4;2;NÂO;;NÃO;NÃO;SIM;NÃO;;-34.8847;-8.01865
2;1;ESCOLA MUNICIPAL;044;ANTONIO TIBURCIO;26128772;TAMBOARA;356;949;ALTO SANTA TEREZINHA;288,8;166;10;8;NÂO;;NÃO;NÃO;SIM;NÃO;CINTIA DE MELO SILVA;-34.90527;-8.01827
2;1;ESCOLA MUNICIPAL;924;CAMPINA DO BARRETO;26166623;VIRGILIO DE MELO FRANCO;28;353;CAJUEIRO;851,1;349;19;16;NÂO;1/6/2017;NÃO;NÃO;SIM;SIM;WALDIRA MORENO DA SILVA MENEZES;-34.88653;-8.00951
2;1;ESCOLA MUNICIPAL;400;COMPOSITOR CAPIBA;26212200;PROFESSOR OTHON PARAISO;375;272;TORREAO;379,4;146;8;8;SIM;;NÃO;NÃO;NÃO;SIM;MARIA CRISTINA DA SILVA;-34.88391;-8.03756
2;1;ESCOLA MUNICIPAL;061;COMPOSITOR LEVINO FERREIRA;26128780;CORREGO JOSE GRANDE;1441;426;BOMBA DO HEMETERIO;379;219;12;10;SIM;;NÃO;NÃO;NÃO;NÃO;ANA MARIA SANTOS DUARTE;-34.90959;-8.01425
2;1;ESCOLA MUNICIPAL;923;DE AGUA FRIA;26166640;DOS CRAVEIROS;500;310;CAMPINA DO BARRETO;202;123;8;7;NÂO;9/2/2017;NÃO;NÃO;SIM;SIM;ALDINEIDE DE OLIVEIRA MARTINS;-34.881;-8.01291
2;1;ESCOLA MUNICIPAL;493;DE AGUA FRIA - ANEXO;26166640;OLIMPIO TORRES;S/N;310;CAMPINA DO BARRETO;;143;8;7;NÂO;;NÃO;NÃO;NÃO;NÃO;;-34.8832;-8.01633
2;1;ESCOLA MUNICIPAL;936;DE BEBERIBE;26166607;MELANIO DE BARROS CORREIA;25;370;BEBERIBE;261,1;176;8;8;SIM;;NÃO;NÃO;SIM;SIM;LEDA MARIA DA SILVA ARAUJO;-34.89897;-8.00336
2;1;ESCOLA MUNICIPAL;176;DEUS E AMOR;26128888;LADEIRA DE PEDRA;395;337;AGUA FRIA;189,8;117;6;5;SIM;11/12/2017;NÃO;NÃO;NÃO;NÃO;MARIA SOUTO MAIOR BEZERRA CAVALCANTI DOS GUIMARAES PEIXOTO;-34.89867;-8.0182
2;1;ESCOLA MUNICIPAL;960;DEUS E AMOR - ANEXO I;26128888;MANOEL LOPES;46;337;AGUA FRIA;;72;4;2;NÂO;;NÃO;NÃO;NÃO;NÃO;;-34.89782;-8.01749
2;1;ESCOLA MUNICIPAL;949;ENGENHEIRO EDINALDO MIRANDA DE OLIVEIRA;26166631;INACIO GALVAO DOS SANTOS;304;175;ENCRUZILHADA;189,8;189;12;11;NÂO;;NÃO;NÃO;NÃO;NÃO;VIVIANE RODRIGUES TIMES CANTINHO;-34.89257;-8.03471
2;1;ESCOLA MUNICIPAL;385;IRMA TEREZINHA BATISTA - ANEXO I;26128950;DOS CRAVEIROS;273;310;CAMPINA DO BARRETO;;122;8;7;NÂO;16/6/2017;NÃO;NÃO;NÃO;NÃO;;-34.88155;-8.01447
2;1;ESCOLA MUNICIPAL;099;IRMA TEREZINHA BATISTA - PROJ NOVO VIVER;26128950;IGUATU;S/N;310;CAMPINA DO BARRETO;;229;10;10;NÂO;16/6/2017;NÃO;NÃO;NÃO;SIM;MARINEIDE LOPES DA SILVA OLIVEIRA;-34.88212;-8.01518
2;1;ESCOLA MUNICIPAL;999;JOAO AMAZONAS;26171724;DA BELA VISTA;1316;396;DOIS UNIDOS;341,4;142;8;7;NÂO;;NÃO;NÃO;SIM;NÃO;MARIA ANGELICA BATISTA DA SILVA OLIVEIRA;-34.90613;-8.00231
2;1;ESCOLA MUNICIPAL;060;JOSEFINA MARINHO;26126770;CORREGO JOSE GRANDE;1316;540;ALTO JOSE BONIFACIO;314,5;184;11;7;NÂO;;NÃO;NÃO;SIM;NÃO;AYLA MARIA DOS SANTOS;-34.91013;-8.01689
2;1;ESCOLA MUNICIPAL;966;LADJANE BANDEIRA;26170744;SEVERINO CARNEIRO;135;337;AGUA FRIA;208;84;6;3;NÂO;23/5/2017;NÃO;NÃO;NÃO;NÃO;ZELIA ROBERTA DA SILVA;-34.90262;-8.01421
2;1;ESCOLA MUNICIPAL;055;LUIZ LUA GONZAGA;26128268;AURILANDIA;54;426;BOMBA DO HEMETERIO;518,9;229;12;11;SIM;;NÃO;NÃO;SIM;SIM;NATHALINE ALVES DA SILVA;-34.90247;-8.0194
2;1;ESCOLA MUNICIPAL;042;MANOEL ANTONIO DE FREITAS;26126826;SAO JERONIMO;147;949;ALTO SANTA TEREZINHA;222,5;241;12;9;NÂO;;NÃO;NÃO;NÃO;NÃO;MARIA VERONICA DA SILVA RAMOS;-34.90916;-8.01763
2;1;ESCOLA MUNICIPAL;012;MARIO MELO;26122529;OLIVEIRA FONSECA;38;280;CAMPO GRANDE;1697,9;784;33;30;NÂO;5/5/2017;NÃO;SIM;SIM;SIM;ANDREZA KIONE ALVES BEZARRA;-34.87983;-8.02851
2;1;ESCOLA MUNICIPAL;047;MONSENHOR VIANA;26128705;TAGUATINGA;S/N;370;BEBERIBE;5711;334;16;15;NÂO;;NÃO;NÃO;SIM;NÃO;CARLA VIRGINIA DO AMARAL;-34.89806;-8.00452
2;1;ESCOLA MUNICIPAL;006;MONTEIRO LOBATO;26118734;JARDIM BRASILIA;S/N;299;PEIXINHOS;1385;323;15;14;NÂO;;NÃO;NÃO;SIM;SIM;KALINE SUZANY BARROS;-34.87428;-8.01732
2;1;ESCOLA MUNICIPAL;059;NOVA AURORA;26128314;ANTONIO MEIRA;169;337;AGUA FRIA;200,4;128;10;9;NÂO;;NÃO;NÃO;NÃO;NÃO;ESMERALDA DIAS CABRAL;-34.90287;-8.01802
2;1;ESCOLA MUNICIPAL;046;NOVO HORIZONTE;26128322;ANIBAL BENEVOLO;1045;337;AGUA FRIA;909,6;290;17;12;SIM;19/4/2018;NÃO;NÃO;SIM;SIM;TANIA ALVES DE LIMA;-34.8982;-8.0102
2;1;ESCOLA MUNICIPAL;013;OLINDINA MONTEIRO DE OLIVEIRA FRANCA;26128934;BELA VISTA;115;396;DOIS UNIDOS;1236,6;490;19;23;NÂO;;NÃO;SIM;SIM;SIM;DENISE ALBUQUERQUE DE SOUZA;-34.90641;-8.00279
2;1;ESCOLA MUNICIPAL;131;PASTOR PAULO LEIVAS MACALAO;26126427;ALTEROSA;27;388;LINHA DO TIRO;893,4;452;21;15;NÂO;;NÃO;NÃO;NÃO;SIM;MARIA DO CARMO ANDRADE LINS DE ALBUQUERQUE;-34.90878;-8.01215
2;1;ESCOLA MUNICIPAL;009;PAULO VI;26128390;GUAIRA;200;388;LINHA DO TIRO;2463,7;538;21;24;NÂO;;NÃO;SIM;SIM;NÃO;SULEIMA LEAL MARQUES FREITAS;-34.90464;-8.0077
2;1;ESCOLA MUNICIPAL;446;POETA JONATAS BRAGA;26122634;SAO CAETANO;545;280;CAMPO GRANDE;668;152;10;13;NÂO;;NÃO;NÃO;NÃO;NÃO;ANA LUCIA PEREIRA BORBA;-34.87831;-8.03695
2;1;ESCOLA MUNICIPAL;957;POETA SOLANO TRINDADE;26177960;MANOEL SILVA;134;337;AGUA FRIA;278,6;375;22;21;SIM;17/4/2017;NÃO;NÃO;SIM;SIM;ADELIA MARIA MUNIZ DE ANDRADE E SILVA;-34.88901;-8.01855
2;1;ESCOLA MUNICIPAL;346;PROF JANDIRA BOTELHO PEREIRA DA COSTA;26155818;FARIAS NEVES;SN;280;CAMPO GRANDE;1033,1;698;30;23;NÂO;5/5/2017;NÃO;NÃO;SIM;SIM;GERALDA BARBOSA DE MELO;-34.87781;-8.02404
2;1;ESCOLA MUNICIPAL;332;PROFESSOR RICARDO GAMA;26153599;GUAIRA;160;388;LINHA DO TIRO;1442,6;606;24;20;NÂO;;NÃO;SIM;SIM;SIM;MARIA HELENA SOARES DE FREITAS;-34.90442;-8.0072
2;1;ESCOLA MUNICIPAL;379;PROFESSORA HELIA MARIA PEREIRA;26175355;ALICE GOMES;37;280;CAMPO GRANDE;294,7;124;8;6;NÂO;;NÃO;NÃO;NÃO;NÃO;SANDRA MARIA DE OLIVEIRA E SILVA;-34.88036;-8.03682
2;1;ESCOLA MUNICIPAL;096;SANTA CECILIA;26122600;ALICE GOMES;49;280;CAMPO GRANDE;572;376;19;16;SIM;;NÃO;NÃO;SIM;SIM;TELMA CAMA MOTTA;-34.88048;-8.03683
2;1;ESCOLA MUNICIPAL;056;SAO JOAO BATISTA;26128748;ANIBAL BENEVOLO;1800;388;LINHA DO TIRO;764,3;334;14;13;NÂO;19/4/2018;NÃO;NÃO;SIM;SIM;GEISA CONCEICAO TEIXEIRA MACAMBIRA;-34.90462;-8.01194
2;1;ESCOLA MUNICIPAL;285;SERVICO SOCIAL DE BELEM;26122464;RODOLFO DE HOLANDA;248;175;ENCRUZILHADA;373,6;99;6;3;NÂO;;NÃO;NÃO;NÃO;NÃO;ANA MARIA DA CRUZ SILVA;-34.89427;-8.03254
2;2;CRECHE MUNICIPAL;516;AME AS CRIANCAS;26149869;ARLINDO CISNEIROS;23;949;ALTO SANTA TEREZINHA;180,6;42;3;3;NÂO;17/4/2017;NÃO;NÃO;NÃO;NÃO;LUCILENE MARIA DE ANDRADE;-34.90839;-8.01908
2;2;CRECHE MUNICIPAL;509;CAJUEIRO;26149761;ALICE TIBIRICA;453;353;CAJUEIRO;107,1;21;2;2;NÂO;9/2/2017;NÃO;NÃO;NÃO;NÃO;TANIA MARIA GONCALVES DE OLIVEIRA;-34.88353;-8.00906
2;2;CRECHE MUNICIPAL;549;TIA EMILIA;26157462;PEDRO BATISTA;S/N;396;DOIS UNIDOS;368,3;89;5;5;NÂO;;NÃO;NÃO;NÃO;NÃO;MAUCINEIA CAVALCANTI DA SILVA;-34.9144;-8.00227
2;2;CRECHE MUNICIPAL;510;UNIDOS VENCEREMOS;26149826;CORREGO JOSE GRANDE;126A;949;ALTO SANTA TEREZINHA;264;80;4;4;NÂO;;NÃO;NÃO;NÃO;NÃO;VALERIA MARIA GOMES RIOS;-34.91029;-8.01846
2;2;CRECHE MUNICIPAL;430;VILA IMPERIAL;26181274;PEDRO DE MELO PEDROSA;10;329;ARRUDA;462,1;81;4;4;SIM;17/4/2017;NÃO;NÃO;NÃO;NÃO;NILVANDA RODRIGUES DE CARVALHO;-34.88635;-8.02452
2;2;CRECHE MUNICIPAL;508;WALDEMAR DE SOUZA CABRAL;26149850;ANTONIO MEIRA;73;337;AGUA FRIA;89,4;22;2;2;NÂO;;NÃO;NÃO;NÃO;NÃO;EDIVA GOMES DA SILVA;-34.9027;-8.01883
2;2;CRECHE MUNICIPAL;507;ZACARIAS DO REGO MACIEL;26149834;ANIBAL BENEVOLO;1533;388;LINHA DO TIRO;738,1;178;8;6;NÂO;;NÃO;SIM;SIM;NÃO;ANA LUCIA HILARIO DOS SANTOS;-34.90255;-8.0103
3;1;ESCOLA MUNICIPAL;113;ALTO DA GUABIRABA;26126370;PRESIDENTE COSTA E SILVA;S/N;612;BREJO DA GUABIRABA;808,5;196;9;9;SIM;21/7/2017;SIM;NÃO;SIM;SIM;ANGELA MARIA PEREIRA DE LIMA;-34.93329;-7.99186
3;1;ESCOLA MUNICIPAL;251;ALTO DO REFUGIO - IVAN NEVES;26149370;ALTO DO REFUGIO;250;574;BREJO DE BEBERIBE;187,3;138;9;6;SIM;;NÃO;NÃO;NÃO;NÃO;ANA LUCIA NUNES DA SILVA;-34.92523;-7.99992
3;1;ESCOLA MUNICIPAL;311;ALTO DO REFUGIO - IVAN NEVES - ANEXO I;26149370;ALTO DO REFUGIO;255;574;BREJO DE BEBERIBE;187,3;83;6;4;SIM;;NÃO;NÃO;NÃO;NÃO;;-34.92534;-7.99984
3;1;ESCOLA MUNICIPAL;115;ALTO JARDIM PROGRESSO;26125854;ALTO JARDIM PROGRESSO;300;566;NOVA DESCOBERTA;528;279;12;10;NÂO;;NÃO;NÃO;SIM;SIM;CICLEIDE JOSE DA SILVA;-34.92599;-8.0046
3;1;ESCOLA MUNICIPAL;406;ALTO JARDIM PROGRESSO - ANEXO I;26125854;SOBRAL PINTO;249;566;NOVA DESCOBERTA;528;76;4;3;NÂO;;NÃO;NÃO;NÃO;SIM;;-34.92588;-8.00443
3;1;ESCOLA MUNICIPAL;378;ANEXA CASA AMARELA;26175371;SANHARO;568;582;MACAXEIRA;73;153;8;5;NÂO;;NÃO;NÃO;SIM;NÃO;PATRICIA MARIA DOMINGUES;-34.9258;-8.00073
3;1;ESCOLA MUNICIPAL;448;ARQUITETO ALEXANDRE MUNIZ DE OLIVEIRA;26125994;ALTO DO VENANCIO;120;620;CORREGO DO JENIPAPO;668;291;13;14;SIM;2/5/2017;NÃO;NÃO;SIM;NÃO;FRANCY CARMEM BRASIL E SOUSA;-34.93616;-7.99776
3;1;ESCOLA MUNICIPAL;063;BOA ESPERANCA;26126869;PEDRA BONITA;80;558;VASCO DA GAMA;441,6;285;16;14;NÂO;;NÃO;NÃO;NÃO;NÃO;DANIELA CARLA PIRES PEREIRA;-34.91993;-8.01869
3;1;ESCOLA MUNICIPAL;427;BOLA NA REDE;26491710;DOUTOR ARTHUR ORLANDO DE ANDRADE BEZERRA;100;418;GUABIRABA;413;385;25;17;NÂO;12/6/2017;NÃO;NÃO;NÃO;SIM;MARIA DA CONCEICAO VICENTE DA SILVA;-34.92416;-7.96541
3;1;ESCOLA MUNICIPAL;382;CECILIA MEIRELLES;26175363;MATER LINCH;189;582;MACAXEIRA;282,6;175;14;14;SIM;;NÃO;NÃO;NÃO;NÃO;VIVIANE BELARMINO SILVA DE LIMA;-34.92952;-8.01525
3;1;ESCOLA MUNICIPAL;420;CHICO SCIENCE;26419734;CATIGUA;112;558;VASCO DA GAMA;227,3;114;8;8;NÂO;;NÃO;NÃO;NÃO;NÃO;VERONICA NATALIA DE LIMA;-34.92069;-8.01313
3;1;ESCOLA MUNICIPAL;120;CORREGO DA AREIA;26126680;CORREGO DA AREIA;5449;566;NOVA DESCOBERTA;296,8;190;10;10;NÂO;;NÃO;NÃO;NÃO;NÃO;MONICA HENRIQUE DA SILVA;-34.93198;-8.00309
3;1;ESCOLA MUNICIPAL;058;CORREGO DA BICA;26126362;CORREGO DA BICA;SN;400;PASSARINHO;82;286;14;12;NÂO;;NÃO;NÃO;SIM;NÃO;ANAILSE MOURA DOS SANTOS;-34.92834;-7.98525
3;1;ESCOLA MUNICIPAL;342;CORREGO DO EUCLIDES;26158752;CORREGO DO EUCLIDES;48;531;MORRO DA CONCEICAO;122;286;19;10;NÂO;;NÃO;NÃO;SIM;SIM;ALINE JOSE RODRIGUES DA SILVA;-34.91472;-8.01493
3;1;ESCOLA MUNICIPAL;996;DA GUABIRABA;26171740;CASSITERITA;395;612;BREJO DA GUABIRABA;849,4;397;16;15;NÂO;;NÃO;NÃO;SIM;SIM;RILVA JOSE PEREIRA UCHOA CAVALCANTI;-34.93526;-7.99352
3;1;ESCOLA MUNICIPAL;203;DA GUABIRABA ANEXO II;26171740;CASSITERITA;S/N;612;BREJO DA GUABIRABA;849,4;110;6;6;NÂO;;NÃO;NÃO;NÃO;NÃO;;-34.93577;-7.99329
3;1;ESCOLA MUNICIPAL;052;DA MANGABEIRA;26128233;NICEAS ARCOVERDE GUSMAO;S/N;515;MANGABEIRA;499,5;363;23;20;SIM;;NÃO;NÃO;SIM;SIM;PATRICIA REIS DELGADO GOMES;-34.90064;-8.02414
3;1;ESCOLA MUNICIPAL;414;DE ALTAS HABILIDADES E SUPERDOTACAO;26180111;CONEGO BARATA;195;191;TAMARINEIRA;;0;0;0;NÂO;;NÃO;NÃO;NÃO;NÃO;;-34.92420;-8.02694
3;1;ESCOLA MUNICIPAL;310;DE CASA AMARELA;26166658;CORREGO DA AREIA;287;566;NOVA DESCOBERTA;347,8;270;12;9;NÂO;;NÃO;NÃO;SIM;SIM;ANA PAULA PAIVA DE MOURA;-34.9261;-8.00078
3;1;ESCOLA MUNICIPAL;413;DE SURDOCEGUEIRA E DEFICIENCIA MULTIPLA;26180103;CONEGO BARATA;195;191;TAMARINEIRA;;0;0;0;NÂO;;NÃO;NÃO;NÃO;NÃO;;-34.92420;-8.02694
3;1;ESCOLA MUNICIPAL;412;DE TRANSTORNO GLOBAL DO DESENVOLVIMENTO;26206609;CONEGO BARATA;195;191;TAMARINEIRA;;0;0;0;NÂO;;NÃO;NÃO;NÃO;NÃO;;-34.92420;-8.02694
3;1;ESCOLA MUNICIPAL;261;DEP FERNANDO SAMPAIO ANX I ANTONIO FELIX;26132267;COLINA DOS ANDES;30;566;NOVA DESCOBERTA;379,4;157;10;8;NÂO;;NÃO;NÃO;NÃO;NÃO;;-34.9258;-8.01315
3;1;ESCOLA MUNICIPAL;255;DEPUTADO FERNANDO SAMPAIO;26132267;ALTO ANTONIO FELIX;111;566;NOVA DESCOBERTA;379,4;181;9;6;NÂO;;NÃO;NÃO;NÃO;NÃO;EDVANIA MUNIZ DE ALBUQUERQUE;-34.92617;-8.01135
3;1;ESCOLA MUNICIPAL;968;DIACONO ABEL GUEIROS;26170647;NORTE MIGUEL ARRAES DE ALENCAR;7696;582;MACAXEIRA;745,4;366;16;15;NÂO;;NÃO;NÃO;NÃO;NÃO;SUELI DA SILVA COSTA;-34.93128;-8.01445
3;1;ESCOLA MUNICIPAL;092;DOM HELDER CAMARA;26122570;MARQUES DO PARANA;320;124;ESPINHEIRO;426;299;17;15;NÂO;;NÃO;SIM;SIM;SIM;ISABELLA SACCHELLI;-34.88819;-8.04108
3;1;ESCOLA MUNICIPAL;077;DOM JOSE LAMARTINE SOARES;26126818;ALTO DO EUCALIPTO;S/N;558;VASCO DA GAMA;254,1;280;17;13;NÂO;21/7/2017;NÃO;NÃO;NÃO;NÃO;MONICA DE OLIVEIRA COUTINHO;-34.91954;-8.00828
3;1;ESCOLA MUNICIPAL;277;DOM JOSE LAMARTINE SOARES - ANEXO I CVC;26126818;ALTO DO EUCALIPTO;S/N;558;VASCO DA GAMA;254,1;103;6;6;NÂO;21/7/2017;NÃO;NÃO;NÃO;NÃO;;-34.92234;-8.00216
3;1;ESCOLA MUNICIPAL;057;DOUTOR CAETE;26126389;ALVARANS;222;566;NOVA DESCOBERTA;427,1;304;17;9;NÂO;;NÃO;NÃO;SIM;NÃO;ELIZABETH MARIA DA SILVA;-34.92763;-8.00151
3;1;ESCOLA MUNICIPAL;045;DRAOMIRO CHAVES AGUIAR;26120720;SANTA ISABEL;655;434;CASA AMARELA;675,7;457;23;19;NÂO;10/5/2017;NÃO;NÃO;SIM;SIM;TATIANA ANGELITA SANTOS DO NASCIMENTO;-34.92449;-8.02664
3;1;ESCOLA MUNICIPAL;071;HISTORIADOR FLAVIO GUERRA;26145227;ALTO DA TELHA;320;400;PASSARINHO;355,7;159;7;6;SIM;13/2/2017;NÃO;NÃO;NÃO;NÃO;FERNANDA HELENA DA CONCEICAO SILVA;-34.92997;-7.98536
3;1;ESCOLA MUNICIPAL;313;HISTORIADOR FLAVIO GUERRA - ANEXO I;26145227;ALTO DA TELHA;320;400;PASSARINHO;355,7;174;8;6;SIM;13/2/2017;NÃO;NÃO;NÃO;SIM;;-34.93009;-7.98561
3;1;ESCOLA MUNICIPAL;389;JULIO VICENTE ALVES DE ARAU ANX I CERVAC;26118955;DA CONCEICAO;211;531;MORRO DA CONCEICAO;400;0;0;0;NÂO;;NÃO;NÃO;NÃO;SIM;;-34.91371;-8.01955
3;1;ESCOLA MUNICIPAL;080;JULIO VICENTE ALVES DE ARAUJO;26118955;DA CONCEICAO;468;531;MORRO DA CONCEICAO;400;234;12;9;NÂO;;NÃO;NÃO;NÃO;NÃO;ADRIANA ALEXANDRE SILVEIRA DA CUNHA;-34.91489;-8.01913
3;1;ESCOLA MUNICIPAL;062;MARGARIDA DE SIQUEIRA PESSOA;26126281;CORREGO JOSE GRANDE;1307;540;ALTO JOSE BONIFACIO;576,6;286;12;11;NÂO;;NÃO;NÃO;SIM;NÃO;SHEYLA ANGELA VIANA DE MELO MORAES;-34.91041;-8.01792
3;1;ESCOLA MUNICIPAL;333;MARLUCE SANTIAGO DA SILVA;26153556;CONCRIZ;S/N;400;PASSARINHO;633,1;416;20;16;SIM;27/10/2017;NÃO;NÃO;NÃO;SIM;MARIA BETANIA DE OLIVEIRA ALBUQUERQUE SILVA;-34.91774;-7.9805
3;1;ESCOLA MUNICIPAL;955;MARLUCE SANTIAGO DA SILVA - ANEXO I;26153556;GALO DE CAMPINA;155;400;PASSARINHO;;100;6;4;SIM;27/10/2017;NÃO;NÃO;NÃO;NÃO;;-34.91766;-7.97951
3;1;ESCOLA MUNICIPAL;079;MAURICIO DE NASSAU;26126672;DOUTOR EURICO CHAVES;677;493;ALTO DO MANDU;305,3;229;10;10;NÂO;10/5/2017;NÃO;NÃO;SIM;NÃO;CINTIA DANTAS GOMES;-34.92597;-8.02292
3;1;ESCOLA MUNICIPAL;027;MUNDO ESPERANCA;26125706;ESTRADA DOS PINTOS;900;604;SITIO DOS PINTOS;493;320;14;13;NÂO;18/4/2017;NÃO;NÃO;NÃO;NÃO;IDA FLAVIA FALCAO PINTO;-34.95666;-8.01417
3;1;ESCOLA MUNICIPAL;078;NADIR COLACO;26133389;NORTE  MIGUEL ARRAES DE ALENCAR;2173;582;MACAXEIRA;1125,1;457;15;15;NÂO;;NÃO;SIM;SIM;SIM;JOSINERE SALES DA SILVA;-34.92903;-8.01724
3;1;ESCOLA MUNICIPAL;206;NOVA DESCOBERTA;26133622;JORNALISTA WALDETE AGRA;100;400;PASSARINHO;721;464;22;18;NÂO;;NÃO;NÃO;SIM;SIM;MIRIAM SEVERINA DA SILVA MUNIZ DA ROCHA;-34.9298;-7.98759
3;1;ESCOLA MUNICIPAL;048;OCTAVIO DE MEIRA LINS;26126087;JOSE REBOUCAS;141;558;VASCO DA GAMA;951,4;751;32;28;NÂO;13/2/2017;NÃO;SIM;SIM;SIM;MAURILIO LINS DA SILVA;-34.91641;-8.01022
3;1;ESCOLA MUNICIPAL;145;PADRE ANTONIO HENRIQUE;26121662;VISCONDESSA DO LIVRAMENTO;290;140;DERBY;590,6;427;32;29;SIM;;NÃO;NÃO;SIM;NÃO;JOSE CARLOS MARTINS DE SANTANA;-34.90003;-8.06147
3;1;ESCOLA MUNICIPAL;405;PADRE ANTONIO HENRIQUE ANEXO I;26121662;PAISSANDU;112;86;BOA VISTA;590,6;115;8;4;SIM;;NÃO;SIM;SIM;NÃO;;-34.89509;-8.06005
3;1;ESCOLA MUNICIPAL;288;PEDRINHO;26126966;BARAO DE BOTOVI;S/N;566;NOVA DESCOBERTA;230;121;10;8;NÂO;;NÃO;NÃO;NÃO;NÃO;ANDREA MARIA DA SILVA;-34.92493;-8.00549
3;1;ESCOLA MUNICIPAL;097;PEDRO ALCANTARA;26175380;TRES MORROS;43;620;CORREGO DO JENIPAPO;218,4;148;9;8;NÂO;;NÃO;NÃO;NÃO;NÃO;AURINEIDE ELIAS DE OLIVEIRA;-34.93773;-8.0025
3;1;ESCOLA MUNICIPAL;051;POETA JOAQUIM CARDOSO;26126494;CORREGO DA AREIA;950;566;NOVA DESCOBERTA;997,4;739;28;30;NÂO;;NÃO;NÃO;SIM;NÃO;VERONICA MARIA DE OLIVEIRA;-34.93086;-8.00134
3;1;ESCOLA MUNICIPAL;318;PRESBITERO JOSE BEZERRA;26126419;NORTE;7636;582;MACAXEIRA;554,8;391;21;16;NÂO;;NÃO;NÃO;SIM;SIM;ADELUZIA ROSALY GALVAO FARIA;-34.93125;-8.01498
3;1;ESCOLA MUNICIPAL;021;PROFESSOR ADERBAL GALVAO;26126516;VASCO DA GAMA;399;558;VASCO DA GAMA;729,2;490;17;17;NÂO;13/2/2017;NÃO;NÃO;NÃO;NÃO;CELSO HENRIQUE LOPES DA SILVA;-34.92115;-8.01658
3;1;ESCOLA MUNICIPAL;376;PROFESSOR JOSE SOARES DA SILVA;26166666;BARAO DE BOTOVI;5785;566;NOVA DESCOBERTA;918,4;331;19;12;NÂO;;NÃO;NÃO;SIM;NÃO;LUCICLEIDE AMANCIO DA SILVA;-34.92331;-8.00687
3;1;ESCOLA MUNICIPAL;022;PROFESSOR MAURO MOTA;26126788;ALTO DA BRASILEIRA;S/N;566;NOVA DESCOBERTA;725;458;22;14;NÂO;2/5/2017;NÃO;NÃO;NÃO;NÃO;LUCYCLEIDE PEREIRA DA SILVA PRADO;-34.93104;-8.00019
3;1;ESCOLA MUNICIPAL;050;PROFESSOR MOACYR DE ALBUQUERQUE;26120771;CORREGO DA AREIA;S/N;566;NOVA DESCOBERTA;672,6;308;12;9;NÂO;;NÃO;NÃO;NÃO;SIM;TANIA MARIA GALVAO ADRIAO;-34.92521;-8.00165
3;1;ESCOLA MUNICIPAL;132;PROFESSOR NILO PEREIRA;26126524;DO ARRAIAL;4900;434;CASA AMARELA;1115,1;338;12;12;SIM;;SIM;NÃO;SIM;SIM;ADNA CELINE DA SILVA LIMA ANDRADE;-34.92558;-8.02728
3;1;ESCOLA MUNICIPAL;423;PROFESSOR NILO PEREIRA ANEXO APAE;26212404;DO ARRAIAL;4744;485;MONTEIRO;363;0;12;0;NÂO;;SIM;NÃO;SIM;SIM;;-34.92441;-8.02744
3;1;ESCOLA MUNICIPAL;017;PROFESSORA ALMERINDA UMBELINO DE BARROS;26126117;VASCO DA GAMA;S/N;558;VASCO DA GAMA;1268;796;31;27;SIM;30/8/2017;NÃO;SIM;SIM;SIM;ADRIANA DEMETRIO DIAS DA SILVA;-34.92101;-8.01016
3;1;ESCOLA MUNICIPAL;252;RENATO ACCIOLY CARNEIRO CAMPOS;26136335;SANTA ROSA;140;566;NOVA DESCOBERTA;426,2;164;8;6;NÂO;;NÃO;NÃO;SIM;SIM;MARGARIDA VIRGINIA DE SANTANA;-34.92524;-8.00446
3;1;ESCOLA MUNICIPAL;401;ROZEMAR DE MACEDO LIMA;26212404;AVENIDA NORTE;5400;531;MORRO DA CONCEICAO;363;416;22;14;NÂO;;NÃO;NÃO;SIM;SIM;ANTONIO CARLOS FIGUEIROA DA SILVA;-34.91339;-8.02309
3;1;ESCOLA MUNICIPAL;005;SANTA MARIA;26121077;ACAIACA;70;523;ALTO JOSE DO PINHO;1529,3;691;30;19;NÂO;;NÃO;NÃO;NÃO;SIM;SULEIDE FARIAS DE SOUZA SANTOS;-34.90889;-8.0217
3;1;ESCOLA MUNICIPAL;265;SANTA MARIA GORETTI;26126583;SANTA MARIA GORETTI;300;558;VASCO DA GAMA;787,2;336;16;14;SIM;;NÃO;NÃO;SIM;SIM;RUBENICE DE SOUZA E SILVA;-34.91835;-8.01129
3;1;ESCOLA MUNICIPAL;011;SAO CRISTOVAO;26126630;CASSITERITA;395;612;BREJO DA GUABIRABA;1330,8;558;24;29;SIM;;SIM;NÃO;SIM;SIM;MARIA JOSE LOPES DE SANT ANA;-34.93539;-7.99335
3;1;ESCOLA MUNICIPAL;306;SEVERINA LIRA;26122308;DA BOA VONTADE;110;191;TAMARINEIRA;379,6;204;10;9;NÂO;6/4/2018;SIM;NÃO;SIM;SIM;RITA DE CASSIA RODRIGUES DA SILVA;-34.90046;-8.0286
3;1;ESCOLA MUNICIPAL;023;SOCIOLOGO GILBERTO FREYRE;26125692;PROFESSOR CLAUDIO SELVA;350;590;DOIS IRMAOS;789,8;500;22;25;NÂO;18/4/2017;NÃO;NÃO;NÃO;SIM;ALBENICE HOLANDA SILVA;-34.95245;-8.01083
3;1;ESCOLA MUNICIPAL;085;VIRGEM PODEROSA;26125811;LEONARDO BEZERRA CAVALCANTI;116;469;PARNAMIRIM;931,9;322;16;12;NÂO;;NÃO;NÃO;SIM;SIM;GIULLIANA BEZERRA RODRIGUES;-34.90781;-8.03642
3;2;CRECHE MUNICIPAL;518;CRIANCA FELIZ;26149788;VISCONDE SA BANDEIRA;S/N;540;ALTO JOSE BONIFACIO;180,6;75;4;4;NÂO;;NÃO;NÃO;NÃO;NÃO;IVONETE FERREIRA LOPES;-34.91244;-8.01207
3;2;CRECHE MUNICIPAL;519;FLOR DA COMUNIDADE;26149770;RUA;111;531;MORRO DA CONCEICAO;72;48;4;5;NÂO;;NÃO;NÃO;NÃO;NÃO;ETELVINA BESERRA DE FARIAS CARVALHO;-34.91593;-8.01802
3;2;CRECHE MUNICIPAL;517;FLOR DO BAIRRO DA GUABIRABA;26149842;CASSITERITA;S/N;612;BREJO DA GUABIRABA;230,8;71;4;4;NÂO;;NÃO;NÃO;NÃO;NÃO;LUCIENE MARIA SOARES DA SILVA;-34.93614;-7.99308
3;2;CRECHE MUNICIPAL;436;IRMA DULCE;26181932;ADALGISA;07;124;ESPINHEIRO;850;71;4;4;SIM;;NÃO;NÃO;NÃO;NÃO;ELIZETE MARIA DOS SANTOS;-34.88758;-8.04201
3;2;CRECHE MUNICIPAL;514;MARDONIO COELHO;26149737;SENADOR MILTON CAMPOS;S/N;558;VASCO DA GAMA;495;91;5;5;NÂO;;NÃO;NÃO;NÃO;NÃO;SUELY JANE DA COSTA;-34.9231;-8.0146
3;2;CRECHE MUNICIPAL;452;MERCIA MARIA BEZERRA COSTA;26183269;VEREADOR OTACILIO AZEVEDO;1030;574;BREJO DE BEBERIBE;850;125;6;6;NÂO;;NÃO;NÃO;NÃO;NÃO;MARIA DO SOCORRO DO NASCIMENTO;-34.91496;-8.00465
3;2;CRECHE MUNICIPAL;992;MONTE DAS OLIVEIRAS;26171651;ALTO DA BRASILEIRA;07;566;NOVA DESCOBERTA;190,2;30;2;2;NÂO;2/5/2017;NÃO;NÃO;NÃO;NÃO;MARIA ANUNCIADA OLIVEIRA ANDRE GOMES;-34.93355;-8.00062
3;2;CRECHE MUNICIPAL;991;NOSSA SENHORA DE FATIMA;26171660;ALTO DO RESERVATORIO;720;566;NOVA DESCOBERTA;;44;3;3;NÂO;2/5/2017;NÃO;NÃO;NÃO;NÃO;ROBERTA BORGES DE ALBUQUERQUE;-34.93405;-7.9978
3;2;CRECHE MUNICIPAL;522;SAO JOAO;26149923;DO CANAL;50;582;MACAXEIRA;764,3;79;5;5;NÂO;13/6/2017;NÃO;NÃO;NÃO;NÃO;GIRLANNE MICHELLE BRAGA DA SILVA;-34.93037;-8.0197
3;5;CMEI;377;CELESTE VIDAL;26175878;JARDIM ELDORADO;S/N;612;BREJO DA GUABIRABA;126,8;109;5;5;NÂO;12/6/2017;NÃO;NÃO;NÃO;NÃO;ANA SUELY LOPES DA SILVA;-34.95844;-7.99842
3;5;CMEI;515;CMEI CREUSA ARCOVERDE DE FREITAS CAVALCANTI;26149800;CONSELHEIRO NABUCO;S/N;434;CASA AMARELA;535,1;91;5;5;NÂO;;NÃO;NÃO;NÃO;SIM;SANDRA MARIA MAGALHAES ARCOVERDE GUSMAO;-34.9189;-8.02806
3;8;CRECHE ESC.RECIFE;043;CRECHE ESCOLA RECIFE ALTO DO MANDU;26190087;;S/N;485;MONTEIRO;;158;7;8;NÂO;;NÃO;SIM;NÃO;NÃO;SILVANA TEREZA DE LIRA BEZERRA;;
3;8;CRECHE ESC.RECIFE;451;DONA CARMELITA MUNIZ DE ARAUJO;26183285;DA MUMBECA;100;418;GUABIRABA;850;104;5;5;NÂO;12/6/2017;NÃO;NÃO;SIM;NÃO;JOSIVANE RODRIGUES DOS SANTOS;-34.92317;-7.96508
3;8;CRECHE ESC.RECIFE;459;MENINO JESUS DE CASA FORTE;26149338;SAMUEL DE FARIAS;127;450;SANTANA;;214;12;11;NÂO;;SIM;NÃO;SIM;SIM;ELIZANGELA TAVARES PEREIRA FEITOSA DO NASCENTE;-34.91534;-8.03893
3;8;CRECHE ESC.RECIFE;520;NOSSA SENHORA DAS DORES;26149796;DOS CAETES;427;507;APIPUCOS;164,6;72;5;5;NÂO;20/4/2017;NÃO;NÃO;NÃO;NÃO;GISELLE ALVES DA SILVA;-34.9371;-8.01718
3;8;CRECHE ESC.RECIFE;494;PROFESSOR ARIANO VILAR SUASSUNA;26189224;DON MANUEL DE MEDEIROS;S/N;590;DOIS IRMAOS;;146;7;6;NÂO;;NÃO;NÃO;SIM;NÃO;KELLY CRISTINE MARANHAO CONRADO;;
4;1;ESCOLA MUNICIPAL;003;ARRAIAL NOVO DO BOM JESUS;26127369;DO FORTE;1340;701;TORROES;1223,4;758;28;32;NÂO;;NÃO;SIM;SIM;SIM;ROSANGELA DO NASCIMENTO CUNHA VIEIRA DE MELO;-34.93174;-8.05878
4;1;ESCOLA MUNICIPAL;190;CASARAO DO BARBALHO;26127016;DO BARBALHO;1595;698;IPUTINGA;1229;438;24;21;NÂO;;NÃO;SIM;SIM;SIM;MARIA MARGARETH CARNEIRO DA SILVA;-34.93465;-8.0288
4;1;ESCOLA MUNICIPAL;039;CELIA ARRAES;26127024;JOSE NOYA;131;736;VARZEA;682,1;332;14;14;NÂO;;NÃO;NÃO;SIM;SIM;ANA BEATRIZ DA SILVA;-34.95882;-8.03917
4;1;ESCOLA MUNICIPAL;036;CREUSA DE FREITAS CAVALCANTI;26127008;EPAMINONDAS CRISTOVAO DE OLIVEIRA;S/N;701;TORROES;940,7;633;27;20;NÂO;;NÃO;NÃO;SIM;NÃO;CLAUDIA HELENA DE SOUSA LAURENTINO;;
4;1;ESCOLA MUNICIPAL;019;DA IPUTINGA;26119218;CORONEL FERNANDO FURTADO;479;698;IPUTINGA;1739,7;630;23;29;NÂO;11/5/2017;NÃO;NÃO;SIM;SIM;MARIA MARLUCE PEREIRA GOMES;-34.92826;-8.04164
4;1;ESCOLA MUNICIPAL;334;DARCY RIBEIRO;26153424;ODETE MONTEIRO;450;680;CORDEIRO;1577,7;600;28;25;NÂO;3/2/2017;SIM;NÃO;SIM;SIM;SIMONE MARQUES MENDONCA DE OLIVEIRA PINTO;-34.92078;-8.04579
4;1;ESCOLA MUNICIPAL;340;DINA DE OLIVEIRA;26155850;SAO MATEUS;S/N;698;IPUTINGA;2427,5;742;36;24;NÂO;;SIM;NÃO;SIM;SIM;FLAVIA MARIA CRUZ MOTA;-34.93478;-8.03034
4;1;ESCOLA MUNICIPAL;018;DIVINO ESPIRITO SANTO;26127520;PRACA DA CAXANGA;127;736;VARZEA;2411,7;419;14;14;SIM;;SIM;SIM;SIM;SIM;JULIANA PEREIRA RAMOS;-34.95381;-8.03065
4;1;ESCOLA MUNICIPAL;139;DO DOM;26120402;CORONEL PACHECO;115;736;VARZEA;238,7;181;10;10;SIM;17/10/2017;NÃO;NÃO;SIM;NÃO;BERENICE GOMES DE MELO;-34.9589;-8.048
4;1;ESCOLA MUNICIPAL;068;DOS TORROES;26127083;DOUTOR ANTONIO CORREIA DE OLIVEIRA;110;701;TORROES;251,7;192;8;7;SIM;16/10/2017;NÃO;NÃO;NÃO;NÃO;JIMMYGLECIA REGO DOS SANTOS;-34.93406;-8.06711
4;1;ESCOLA MUNICIPAL;292;DOUTOR EBENEZER GUEIROS;26127644;DOUTOR ALUIZIO BALTAR;69;698;IPUTINGA;945;447;21;15;NÂO;;SIM;NÃO;SIM;SIM;RITA DE CASSIA PEREIRA DE PAULA OLIVEIRA;-34.93278;-8.03695
4;1;ESCOLA MUNICIPAL;049;DOUTOR RODOLFO AURELIANO;26119641;JOSE AVELAR;211;736;VARZEA;1143;658;28;30;NÂO;;SIM;NÃO;SIM;SIM;CRISTIANO DA SILVA LIMA;-34.95624;-8.04227
4;1;ESCOLA MUNICIPAL;440;DOUTOR SAMUEL GONCALVES;26127547;AUSTRO COSTA;227;663;PRADO;668;188;11;9;SIM;17/2/2017;NÃO;NÃO;NÃO;NÃO;MARIA EDNA DOS SANTOS;-34.91896;-8.05879
4;1;ESCOLA MUNICIPAL;041;ENGENHO DO MEIO;26127377;BOM PASTOR;1406;710;ENGENHO DO MEIO;1288,7;708;29;26;SIM;3/5/2017;NÃO;SIM;SIM;SIM;BIANCA SIMONETTI MAGLIANO TENORIO;-34.93965;-8.0497
4;1;ESCOLA MUNICIPAL;075;HENFIL;26127873;SEIS DE MARCO;10;736;VARZEA;365,9;197;13;10;SIM;;NÃO;NÃO;SIM;SIM;ELINETE MARIA DOS SANTOS FARIAS;-34.95363;-8.04558
4;1;ESCOLA MUNICIPAL;938;JADER FIGUEIREDO DE ANDRADE SILVA;26171732;MUCIO UCHOA CAVALCANTE;283;710;ENGENHO DO MEIO;400,9;258;16;12;SIM;;NÃO;NÃO;NÃO;SIM;NOEMIA KARINA ARAUJO DA SILVA;-34.94197;-8.04992
4;1;ESCOLA MUNICIPAL;391;JADER FIGUEIREDO DE ANDRADE SILVA - ANEX;26171732;ANTONIO O CURADO;231;710;ENGENHO DO MEIO;;145;12;8;NÂO;;NÃO;NÃO;NÃO;NÃO;;-34.94188;-8.04866
4;1;ESCOLA MUNICIPAL;297;JOAO PESSOA GUERRA;26127784;ISAAC BURIL;107;736;VARZEA;;235;18;15;NÂO;;NÃO;NÃO;NÃO;SIM;BARBARA DAPHNE MARQUES DE MATOS;-34.95826;-8.05605
4;1;ESCOLA MUNICIPAL;020;JOAO XXIII;26119897;DO CAIARA;350;698;IPUTINGA;1002,3;442;19;23;NÂO;;NÃO;NÃO;SIM;SIM;ROSANGELA OLIVEIRA NEVES;-34.93066;-8.04158
4;1;ESCOLA MUNICIPAL;040;MAGALHAES BASTOS;26120763;FRANCISCO LACERDA;S/N;736;VARZEA;1297,5;612;26;23;NÂO;17/10/2017;NÃO;NÃO;SIM;SIM;ANDREA LUCIANA CAVALCANTE DE MELO;-34.95704;-8.04691
4;1;ESCOLA MUNICIPAL;380;MERCIA DE ALBUQUERQUE FERREIRA;26175398;TABAIARES;182;760;ILHA DO RETIRO;507,3;360;15;11;NÂO;;NÃO;NÃO;SIM;SIM;MARIA DA CONCEICAO SILVA DE ANDRADE CORREIA;-34.90624;-8.06552
4;1;ESCOLA MUNICIPAL;137;NOVA MORADA;26177978;ELIANE FRAGOSO DO NASCIMENTO;24;744;CAXANGA;235,2;141;11;9;SIM;25/10/2017;NÃO;NÃO;SIM;NÃO;EULALIA DE FATIMA ALVES CARNEIRO;-34.9524;-8.02585
4;1;ESCOLA MUNICIPAL;395;NOVA MORADA - ANEXO I;26177978;DEP JOSE FRANCISCO DE MELO CAVALCANTI;409;744;CAXANGA;235,2;263;18;17;SIM;25/10/2017;NÃO;NÃO;NÃO;NÃO;;-34.95254;-8.02507
4;1;ESCOLA MUNICIPAL;441;PAPA JOAO XXIII;26127458;GIRUA;S/N;710;ENGENHO DO MEIO;1002,3;203;10;8;SIM;;NÃO;NÃO;SIM;NÃO;ESTER MARIA SOTERO DE OLIVEIRA;-34.94515;-8.05665
4;1;ESCOLA MUNICIPAL;443;PAROQUIAL CRISTO REI;26123266;DOM MANUEL DA COSTA;S/N;655;TORRE;668;259;10;9;NÂO;;SIM;NÃO;SIM;NÃO;LUIZA MARIA SIMOES DE BARROS;-34.91261;-8.04776
4;1;ESCOLA MUNICIPAL;067;PROF ELIZABETH SALES COUTINHO BARROS;26121050;PROFESSOR AVERTANO ROCHA;386;701;TORROES;466,1;257;13;11;NÂO;10/4/2017;NÃO;NÃO;NÃO;NÃO;KATIA CRISTINA DOS ANJOS FLORENCIO;-34.93408;-8.06734
4;1;ESCOLA MUNICIPAL;347;PROFESSOR JOAO BATISTA LIPPO NETO;26157845;BARAO DE CERRO LARGO;S/N;736;VARZEA;1454,4;187;8;8;NÂO;;NÃO;NÃO;SIM;SIM;MARIA MARTINS PEREIRA;-34.99013;-8.03548
4;1;ESCOLA MUNICIPAL;365;PROFESSOR JOAO FRANCISCO DE SOUZA;26158302;EXPEDICIONARIO JORGE DA COSTA LIMA;31;736;VARZEA;282,5;395;16;14;NÂO;;NÃO;NÃO;SIM;SIM;TARCIANE TOME FELICIANO DO NASCIMENTO;-34.97345;-8.03698
4;1;ESCOLA MUNICIPAL;444;SAO DOMINGOS;26127792;SAO MATHEUS;364;698;IPUTINGA;668;337;16;15;SIM;26/4/2017;NÃO;NÃO;NÃO;SIM;NOEMI CATHIA ANDRADE SILVA LIRA;-34.93572;-8.03849
4;1;ESCOLA MUNICIPAL;038;SENADOR JOSE ERMIRIO DE MORAES;26119170;RORAIMA;30;736;VARZEA;634;371;18;14;NÂO;;NÃO;NÃO;SIM;SIM;CHRISTIANI KARLA DA SILVA OLIVEIRA;-34.97939;-8.03595
4;1;ESCOLA MUNICIPAL;964;SITIO DO BERARDO;26170710;PROFESSOR LINS E SILVA;S/N;647;MADALENA;371,9;165;13;11;SIM;9/6/2017;NÃO;NÃO;NÃO;SIM;MARIA MICHELINE BEZERRA DE ARAUJO;-34.91413;-8.05584
4;1;ESCOLA MUNICIPAL;442;SOLDADO JOSE ANTONIO DO NASCIMENTO;26123304;BENFICA;198;647;MADALENA;668;140;6;6;SIM;;NÃO;NÃO;NÃO;NÃO;MARGARETE MARIA DE BARROS RIBEIRO;-34.90133;-8.06016
4;1;ESCOLA MUNICIPAL;481;SOLDADO JOSE ANTONIO DO NASCIMENTO ANEXO;;GUILHERME PINTO;246;647;MADALENA;;0;0;0;NÂO;;SIM;NÃO;SIM;NÃO;;-34.90105;-8.05898
4;1;ESCOLA MUNICIPAL;331;VILA SANTA LUZIA;26153475;ELIZEU CAVALCANTI;52;680;CORDEIRO;1552,8;545;24;22;NÂO;2/10/2017;NÃO;NÃO;SIM;NÃO;MONICA PESSOA DE MELO OLIVEIRA;-34.92099;-8.04956
4;1;ESCOLA MUNICIPAL;034;ZUMBI DOS PALMARES;26119200;ENGENHEIRO VASCONCELOS BITTENCOURT;35;736;VARZEA;992,6;550;23;20;NÂO;;NÃO;NÃO;NÃO;SIM;ANA GLAUCIA DE ARAUJO SILVA;-34.95183;-8.04087
4;2;CRECHE MUNICIPAL;980;CASINHA AZUL;26157489;SAO MATEUS;S/N;698;IPUTINGA;610,5;132;7;7;SIM;;NÃO;NÃO;NÃO;SIM;FLAVIA MARIA ALVES COSTA;-34.93434;-8.02991
4;2;CRECHE MUNICIPAL;521;CRECHE MUNICIPAL CEAPE;26149214;COSTA SEPULVEDA;415;710;ENGENHO DO MEIO;430,3;121;6;6;NÂO;;NÃO;NÃO;NÃO;NÃO;MIRTES DE OLIVEIRA DINIZ;-34.94067;-8.05412
4;2;CRECHE MUNICIPAL;529;CRECHE MUNICIPAL DEUS E AMOR;26153319;EPAMINONDAS CRISTOVAO DE OLIVEIRA;395;701;TORROES;189,8;82;4;4;NÂO;;NÃO;NÃO;NÃO;NÃO;JHENIFER FERNANDES DE OLIVEIRA;-34.93583;-8.06122
4;2;CRECHE MUNICIPAL;983;DA TORRE;26156750;CANTORA CLARA NUNES;395;655;TORRE;943,5;137;7;8;NÂO;5/4/2017;NÃO;NÃO;SIM;NÃO;MARIA DE FATIMA DO NASCIMENTO;-34.91755;-8.04472
4;2;CRECHE MUNICIPAL;526;E LUTANDO QUE SE CONQUISTA;26153408;SALVADOR ALLENDER;36;680;CORDEIRO;454,1;91;5;6;SIM;17/2/2017;NÃO;NÃO;SIM;NÃO;MARIA DA CONCEICAO LEMOS DE FARIAS;-34.92571;-8.04178
4;2;CRECHE MUNICIPAL;979;ESPERANCA;26170736;LEILA FELIX KARAN;S/N;701;TORROES;622,6;131;6;6;SIM;16/10/2017;NÃO;NÃO;NÃO;NÃO;ROSIANE ARAUJO DA SILVA;-34.93677;-8.06681
4;2;CRECHE MUNICIPAL;547;JOAO EUGENIO;26157578;GASPAR PEREZ;3895;698;IPUTINGA;243,5;58;6;4;SIM;;NÃO;NÃO;NÃO;NÃO;IVONETE DOS SANTOS CAMPOS;-34.94044;-8.04017
4;2;CRECHE MUNICIPAL;433;JOAO EUGENIO - ANX I- LAR SEM FRONTEIRAS;26157578;ESTEVAO DE SA;204;736;VARZEA;243,5;52;3;3;SIM;;NÃO;NÃO;NÃO;NÃO;;-34.94751;-8.03763
4;2;CRECHE MUNICIPAL;422;LUA LUAR;26413779;MAURICIO DE NASSAU;42;698;IPUTINGA;232,8;69;4;5;SIM;26/4/2017;NÃO;NÃO;NÃO;NÃO;ROSALIA MARIA DE CARVALHO RODRIGUES;-34.93078;-8.03843
4;2;CRECHE MUNICIPAL;527;MENINO JESUS DA BOMBA GRANDE;26153416;NOSSA SENHORA DA SAUDE;479;698;IPUTINGA;240,2;65;4;4;SIM;11/5/2017;NÃO;NÃO;SIM;NÃO;SEVERINA VALKIRIA DO NASCIMENTO MOURA;-34.92809;-8.04188
4;2;CRECHE MUNICIPAL;536;NOSSA SENHORA AUXILIADORA;26153300;DOUTOR ANTONIO CORREIA DE OLIVEIRA;669;701;TORROES;162,7;42;3;2;NÂO;;NÃO;NÃO;NÃO;NÃO;ANA CLAUDIA DE ARAUJO;-34.93391;-8.0666
4;2;CRECHE MUNICIPAL;984;RODA DE FOGO;26156849;OCIDENTAL;33;680;CORDEIRO;850;59;4;4;NÂO;;NÃO;NÃO;NÃO;NÃO;MONICA AUGUSTA DE SOUZA;-34.93393;-8.0524
4;2;CRECHE MUNICIPAL;554;ROSA SELVAGEM;26153114;PORTO SEGURO;470;736;VARZEA;252,5;58;3;3;SIM;;NÃO;NÃO;NÃO;NÃO;ISABEL CRISTINA DOS SANTOS;-34.97778;-8.03184
4;2;CRECHE MUNICIPAL;981;VINDE A MIM AS CRIANCINHAS;26157560;EDEIA;89;647;MADALENA;164,9;45;2;2;SIM;17/2/2017;NÃO;NÃO;SIM;NÃO;ANA NERY DE MIRANDA;-34.91286;-8.05587
4;2;CRECHE MUNICIPAL;525;WALDIR SAVLUSCHINSKE;26153351;ALVARO TEIXEIRA MESQUITA;S/N;710;ENGENHO DO MEIO;866,6;141;7;7;NÂO;3/5/2017;NÃO;NÃO;SIM;NÃO;SANDRA RAQUEL MAIA GARRIDO;-34.93955;-8.05049
4;5;CMEI;437;ALCIDES RESTELLI TEDESCO;26181835;FAUSTO CARDOSO;653;647;MADALENA;850;228;10;10;SIM;17/2/2017;NÃO;NÃO;SIM;NÃO;IRENE REZENDE PEREIRA;-34.91564;-8.05278
4;5;CMEI;399;PROFESSOR PAULO ROSAS;26212412;PROFESSOR LUIZ FREIRE;SN;728;CIDADE UNIVERSITARIA;780,1;125;7;5;NÂO;;NÃO;NÃO;NÃO;SIM;KEILA PATRICIA VANDERLEI MACEDO;-34.95619;-8.05633
4;5;CMEI;528;SEMENTINHA DO SKYLAB;26153246;ITAPARINGA;SN;698;IPUTINGA;280,3;121;6;7;NÂO;;NÃO;NÃO;NÃO;NÃO;SAYONARA SOUTO ROSA DA COSTA;-34.9285;-8.03272
4;8;CRECHE ESC.RECIFE;074;ASSOCIACAO CRISTA FEMININA;26123185;;68;655;TORRE;;163;8;7;NÂO;;NÃO;NÃO;NÃO;NÃO;KARLA CABRAL BARROCA;-34.90905;-8.04210
4;8;CRECHE ESC.RECIFE;449;CMEI DARCY RIBEIRO;26182815;ODETE MONTEIRO;450;680;CORDEIRO;850;100;5;5;NÂO;;NÃO;NÃO;NÃO;NÃO;ELIONE RIOS DAS NEVES;-34.92055;-8.0455
4;8;CRECHE ESC.RECIFE;478;CRECHE ESCOLA RECIFE MIGUEL ARRAES DE ALENCAR;26186926;ARISTONCIO DE OLIVEIRA;189;698;IPUTINGA;;115;5;5;NÂO;;NÃO;NÃO;NÃO;NÃO;ANA PAULA DE FARIAS CORDEIRO LEITE;-34.94088;-8.0294
4;8;CRECHE ESC.RECIFE;008;MIGUEL ARRAES RODA DE FOGO;26190362;;S/N;701;TORROES;;233;10;8;NÂO;;NÃO;NÃO;SIM;NÃO;BRIGIDA MARIA PEREIRA SANTANA;;
4;8;CRECHE ESC.RECIFE;533;SANTA LUZIA;26153335;SOUZA BANDEIRA;S/N;655;TORRE;510,7;136;7;7;NÂO;3/4/2018;NÃO;NÃO;SIM;NÃO;GLORIA REJANE CAVALCANTI DE SOUZA;-34.91648;-8.04518
4;8;CRECHE ESC.RECIFE;982;SITIO DO CARDOSO;26156628;PADRE LANDIM;390;647;MADALENA;631,8;163;8;7;NÂO;;NÃO;NÃO;NÃO;NÃO;JOSELMA LUIZA DE ARAUJO;-34.91277;-8.04924
5;1;ESCOLA MUNICIPAL;962;ALTO DA BELA VISTA;26123380;ALTO DA BELA VISTA;338;922;COQUEIRAL;127,3;112;6;5;NÂO;3/7/2017;NÃO;NÃO;NÃO;NÃO;ELINEIDE FRANCISCA DE SOUZA MEIRELES;-34.96879;-8.08471
5;1;ESCOLA MUNICIPAL;411;ALTO DA BELA VISTA - ANEXO I;26123380;ALTO DA BELA VISTA;369;922;COQUEIRAL;127,3;89;4;2;NÂO;3/7/2017;NÃO;NÃO;NÃO;NÃO;;-34.96858;-8.08455
5;1;ESCOLA MUNICIPAL;102;ANDRE DE MELO;26123541;MORAES E SILVA;180;833;ESTANCIA;1110;688;29;32;NÂO;9/4/2018;NÃO;NÃO;SIM;SIM;SANDRA BONIFACIO DE ALBUQUERQUE;-34.9308;-8.08378
5;1;ESCOLA MUNICIPAL;014;ANTONIO FARIAS FILHO;26117576;VINTE E UM DE ABRIL;S/N;817;SAN MARTIN;1789;841;36;39;NÂO;;SIM;NÃO;SIM;SIM;SANDRA MARIA FERREIRA NASCIMENTO XAVIER;-34.92596;-8.07264
5;1;ESCOLA MUNICIPAL;100;BALBINA MENELAU;26120682;JOAO DE ANDRADE;82;868;JARDIM SAO PAULO;680;395;19;14;NÂO;16/2/2017;NÃO;SIM;SIM;SIM;DAISY RODRIGUES QUIRINO;-34.94971;-8.0831
5;1;ESCOLA MUNICIPAL;073;CASA DOS FERROVIARIOS;26123444;DR JOSE CORNELIO;84;922;COQUEIRAL;471,2;449;24;19;NÂO;;NÃO;NÃO;SIM;SIM;DILMA LIMA DA SILVA;-34.96572;-8.09046
5;1;ESCOLA MUNICIPAL;974;CHICO MENDES;26170779;DO CAMPO;S/N;850;AREIAS;227,3;436;21;19;SIM;31/10/2017;NÃO;NÃO;SIM;SIM;CELIANE VIEIRA ROCHA;-34.9328;-8.10323
5;1;ESCOLA MUNICIPAL;002;DE TEJIPIO;26123550;TUTOIA;165;922;COQUEIRAL;757,8;534;20;26;NÂO;8/2/2017;NÃO;NÃO;SIM;SIM;MARCELLE PEREIRA DE LIMA BARBOSA;-34.96452;-8.09205
5;1;ESCOLA MUNICIPAL;948;DO BARRO;26168073;GUIRAGIBE;117;876;BARRO;244,6;205;12;8;NÂO;;NÃO;NÃO;SIM;SIM;LILIA MARIA DA SILVA SANTOS AGUIAR;-34.94238;-8.08882
5;1;ESCOLA MUNICIPAL;927;DO PANTANAL;26168111;PADRE DIOGO;240;884;COHAB;195;155;9;6;SIM;16/4/2018;NÃO;NÃO;NÃO;NÃO;KATIA PAIXAO DA SILVA;-34.95873;-8.10629
5;1;ESCOLA MUNICIPAL;952;DO PANTANAL - ANEXO I;26168111;PADRE DIOGO RODRIGUES;35;876;BARRO;195;137;6;5;SIM;16/4/2018;NÃO;NÃO;NÃO;NÃO;;-34.95876;-8.10638
5;1;ESCOLA MUNICIPAL;995;DO PANTANAL - ANEXO II;26168111;PRESIDENTE MEDICE;115;876;BARRO;195;75;4;3;SIM;16/4/2018;NÃO;NÃO;NÃO;NÃO;;-34.95893;-8.10689
5;1;ESCOLA MUNICIPAL;950;DO SANCHO;26168120;JOAO FERREIRA;427;906;SANCHO;759;409;20;18;NÂO;;NÃO;NÃO;SIM;SIM;MARCIA REJANE DA SILVA;-34.96025;-8.08724
5;1;ESCOLA MUNICIPAL;029;DOM BOSCO;26123487;ALVENOPOLIS;600;868;JARDIM SAO PAULO;1652;522;16;15;NÂO;;NÃO;SIM;SIM;SIM;JOSE GOMES DOS SANTOS;-34.94834;-8.07947
5;1;ESCOLA MUNICIPAL;084;DOS REMEDIOS;26119145;DO BONGI;93;663;PRADO;732,5;471;21;15;NÂO;19/6/2017;SIM;NÃO;SIM;SIM;IRACEMA PORTO VALENCA DOS SANTOS;-34.90928;-8.06878
5;1;ESCOLA MUNICIPAL;089;DOUTOR ANTONIO CORREIA;26123495;MANOEL SALVADOR;360;876;BARRO;373;212;17;13;NÂO;2/4/2018;NÃO;NÃO;SIM;NÃO;FLAVIA RENATA FARIAS PUGLIESI;-34.94282;-8.0888
5;1;ESCOLA MUNICIPAL;291;EDITE BRAGA;26123088;NICOLAU PEREIRA;85;779;AFOGADOS;331,2;384;19;17;NÂO;;NÃO;NÃO;SIM;SIM;EDMILSA JOSEFA DE SANTANA MESSIAS;-34.90502;-8.07914
5;1;ESCOLA MUNICIPAL;602;ESCOLA SANTA LUZIA;26190915;PROFESSOR CALDAS FILHO;186;833;ESTANCIA;;115;5;5;NÂO;;NÃO;NÃO;NÃO;NÃO;GEORGE DA SILVA PEREIRA;-34.92852;-8.0853
5;1;ESCOLA MUNICIPAL;076;GENERAL SAN MARTIN;26119617;GENERAL SAN MARTIN;1864;817;SAN MARTIN;762,7;417;19;15;NÂO;;NÃO;NÃO;SIM;SIM;ELISANGELA DA SILVA RIBEIRO;-34.92806;-8.06739
5;1;ESCOLA MUNICIPAL;917;GOVERNADOR MIGUEL ARRAES DE ALENCAR;26177951;TAPAJOS;419;833;ESTANCIA;708,5;515;24;21;SIM;3/7/2017;SIM;NÃO;SIM;SIM;MARIA SALVIANA SANTOS DE SANTANA;-34.92544;-8.09244
5;1;ESCOLA MUNICIPAL;024;HUGO GERDAU;26120810;CORONEL MIZAEL DE MENDONCA;S/N;817;SAN MARTIN;645,5;503;19;21;SIM;12/4/2017;NÃO;NÃO;SIM;SIM;ERIKA CARLA DA SILVA VILELA;-34.93647;-8.06958
5;1;ESCOLA MUNICIPAL;371;ISAAC PEREIRA DA SILVA;26158310;OITICICA LINS;S/N;850;AREIAS;613,8;313;15;13;SIM;;NÃO;NÃO;SIM;SIM;MARIA LUCIA DE SENA TENORIO SANTOS;-34.93482;-8.09327
5;1;ESCOLA MUNICIPAL;304;JARDIM UCHOA;26158280;PALMARES;116;850;AREIAS;404,7;256;17;13;SIM;11/12/2017;NÃO;SIM;NÃO;SIM;LADJANE CACILDA GOMES REIS;-34.93674;-8.09484
5;1;ESCOLA MUNICIPAL;101;MANOEL ROLIM;26134057;PAJUSSARA;57;868;JARDIM SAO PAULO;154,5;127;8;7;NÂO;2/4/2018;NÃO;NÃO;NÃO;SIM;VALDETE DE OLIVEIRA MENEZES;-34.94829;-8.0878
5;1;ESCOLA MUNICIPAL;941;MANOEL ROLIM - ANEXO I;26134057;PAJUSSARA;60;868;JARDIM SAO PAULO;154,5;100;8;8;NÂO;2/4/2018;NÃO;NÃO;NÃO;SIM;;-34.9481;-8.08781
5;1;ESCOLA MUNICIPAL;098;PADRE JOSE DE ANCHIETA;26119331;CAPITAO ADOLFO TAQUIS;S/N;787;MUSTARDINHA;850,2;607;25;18;SIM;5/7/2017;NÃO;SIM;SIM;SIM;SANDRA COSTA SOUZA;-34.91789;-8.0733
5;1;ESCOLA MUNICIPAL;072;PADRE JOSE MATHIAS DELGADO;26120780;DOUTOR DEVALDO BORGES;S/N;868;JARDIM SAO PAULO;826,5;486;20;19;NÂO;;SIM;NÃO;NÃO;SIM;MONICA SAMPAIO DO AMARAL;-34.94013;-8.07908
5;1;ESCOLA MUNICIPAL;354;PARQUE DOS MILAGRES;26164701;CANTOR LEANDRO;S/N;876;BARRO;357,1;216;10;8;NÂO;;NÃO;NÃO;NÃO;NÃO;ADRIANA DOS SANTOS MOURA;-34.94914;-8.10604
5;1;ESCOLA MUNICIPAL;419;PARQUE DOS MILAGRES - ANEXO II;26164701;CANTOR CAPIBA;S/N;876;BARRO;357,1;251;12;11;NÂO;;NÃO;NÃO;NÃO;NÃO;;-34.94922;-8.10594
5;1;ESCOLA MUNICIPAL;972;POETA CARLOS PENA FILHO;26170795;ITAMONTE;143;868;JARDIM SAO PAULO;850;318;15;14;NÂO;16/2/2017;NÃO;NÃO;NÃO;NÃO;MARIA LUCIA PORTO DE LUCENA;-34.95507;-8.08093
5;1;ESCOLA MUNICIPAL;335;PROFESSOR ANTONIO DE BRITO ALVES;26153386;ERNESTO CAVALCANTI;41;787;MUSTARDINHA;1515;818;31;33;NÂO;5/7/2017;SIM;NÃO;SIM;NÃO;MARIA TERESA VASCONCELOS FRANCO DE OLIVEIRA;-34.91806;-8.07386
5;1;ESCOLA MUNICIPAL;339;PROFESSOR POTIGUAR MATOS;26154137;VINTE E UM DE ABRIL;2191;817;SAN MARTIN;1151,3;410;16;14;NÂO;;NÃO;NÃO;SIM;SIM;GERLANE RODRIGUES DA SILVA ARAUJO;-34.92556;-8.07268
5;1;ESCOLA MUNICIPAL;064;PROFESSORA MARIA DA PAZ BRANDAO ALVES;26120569;DA FELICIDADE;51;906;SANCHO;1229,2;599;29;21;NÂO;8/2/2017;NÃO;SIM;SIM;SIM;CLAUDIA VIDAL DA SILVA PEREIRA;-34.96127;-8.08235
5;1;ESCOLA MUNICIPAL;290;PROFESSORA PRIMITIVA DE BARROS SILVA;26123649;ATOR ELPIDIO CAMARA;122;868;JARDIM SAO PAULO;403;228;12;12;NÂO;;NÃO;NÃO;SIM;NÃO;CIBELE CRISTINA OLIVEIRA DA SILVA;-34.93818;-8.08357
5;1;ESCOLA MUNICIPAL;269;SANTA EDWIGES;26123100;JURITI;41;779;AFOGADOS;202,5;161;10;9;SIM;;NÃO;NÃO;NÃO;NÃO;KARINA ROSSITER PEIXOTO BEZERRA E SILVA;-34.90728;-8.06992
5;1;ESCOLA MUNICIPAL;081;SANTO ANTONIO DO CACOTE;26123673;GUARACI;16;850;AREIAS;209;197;15;10;SIM;;NÃO;NÃO;NÃO;NÃO;MARIA DO SOCORRO DOS SANTOS MACHADO;-34.92986;-8.10026
5;1;ESCOLA MUNICIPAL;083;VILA SAO MIGUEL;26123126;RUBIACEA;147;779;AFOGADOS;619,9;397;18;14;SIM;;NÃO;NÃO;SIM;SIM;ELAINE ROZENTAL DE BRITO;-34.9127;-8.08414
5;1;ESCOLA MUNICIPAL;182;WALDEMAR VALENTE;26124076;GASTAO DE CARVALHO;360;752;CURADO;534,2;330;15;12;SIM;16/2/2017;NÃO;SIM;SIM;SIM;SUELY PEREIRA BELTRAO;-34.94753;-8.07609
5;2;CRECHE MUNICIPAL;548;BIDO KRAUSE;26148145;ONZE DE AGOSTO;S/N;914;TOTO;1072;101;5;5;NÂO;;NÃO;NÃO;NÃO;NÃO;ISABELLE CRISTINE FERREIRA MEDINO;-34.96972;-8.07975
5;2;CRECHE MUNICIPAL;524;CRECHE MUNICIPAL CHICO MENDES;26167859;SINDICATO DOS VIGILANTES;633;841;CACOTE;98,4;29;3;3;NÂO;;NÃO;NÃO;NÃO;NÃO;MARIA DE FATIMA SANTOS;-34.93203;-8.10155
5;2;CRECHE MUNICIPAL;537;CRECHE MUNICIPAL NOVO HORIZONTE;26153394;JOSE BEZERRA CAVALCANTI;244;787;MUSTARDINHA;;61;4;4;NÂO;;NÃO;NÃO;NÃO;NÃO;ALZIRA CRISTINA MELO;-34.92095;-8.07116
5;2;CRECHE MUNICIPAL;986;DE AFOGADOS;26156792;CERRO NEGRO;215;779;AFOGADOS;571,8;128;6;5;NÂO;;NÃO;NÃO;SIM;NÃO;THIALEN FERNANDA MONTEIRO SILVA OLIVEIRA E MELO;-34.91156;-8.08433
5;2;CRECHE MUNICIPAL;988;DO BONGI;26156725;MAJOR MARIO PORTELA;S/N;809;BONGI;453,6;134;7;6;SIM;19/6/2017;NÃO;NÃO;SIM;NÃO;YJANUI DE LOURDES LEAL HELIODORO;-34.91534;-8.06676
5;2;CRECHE MUNICIPAL;535;FUTURO DO AMANHA;26153254;APULCRU DE ASSUNCAO;686;817;SAN MARTIN;307,1;61;3;4;NÂO;12/4/2017;NÃO;NÃO;NÃO;NÃO;ANA PAULA DO CARMO DE SANTANA;-34.92972;-8.07302
5;2;CRECHE MUNICIPAL;476;ISABEL SILVANA DE MELO;26186330;AVENIDA DOZE DE JUNHO;SN;876;BARRO;;58;4;5;NÂO;16/4/2018;NÃO;NÃO;NÃO;NÃO;KATIA MARIA CARNEIRO CAMILO;-34.95416;-8.10906
5;2;CRECHE MUNICIPAL;505;RECIFE 2000;26153130;RIO SOLIMOES;S/N;850;AREIAS;472;120;6;6;NÂO;;NÃO;NÃO;NÃO;SIM;MARIA DO CARMO SOUSA;-34.93726;-8.09753
5;5;CMEI;987;DA MANGUEIRA;26156776;21 DE ABRIL;1555;795;MANGUEIRA;499,5;120;6;5;NÂO;;NÃO;NÃO;SIM;NÃO;SANDRA CRISTINA DE SOUZA GAMBOA;-34.92133;-8.07481
5;5;CMEI;551;NOSSO SENHOR JESUS DO BONFIM;26153262;TEIXEIRA DE MELO;56;833;ESTANCIA;625;123;6;6;NÂO;;NÃO;NÃO;NÃO;NÃO;MARIA AMANDA VITORINO DA SILVA;-34.93063;-8.08122
5;8;CRECHE ESC.RECIFE;603;CRECHE ESCOLA RECIFE DA ESTANCIA;26190923;PROFESSOR CALDAS FILHO;186;833;ESTANCIA;;170;8;7;NÂO;;NÃO;NÃO;NÃO;NÃO;ALBA VALERIA DE LIMA FALCAO BEZERRA;-34.928552;-8.0853
5;8;CRECHE ESC.RECIFE;439;CRECHE ESCOLA RECIFE GOVERNADOR MIGUEL ARRAES;26185180;DOUTOR GIL RODRIGUES DOS SANTOS;10;850;AREIAS;;324;16;14;NÂO;;NÃO;NÃO;SIM;SIM;ADRIANE MARIA TAVARES DE LIMA;-34.92381;-8.09583
5;8;CRECHE ESC.RECIFE;454;DO IRAQUE;26184648;HAVAI;S/N;833;ESTANCIA;;126;6;6;NÂO;9/4/2018;NÃO;NÃO;NÃO;SIM;ANDREIA CUSTODIO PORTO;-34.92962;-8.08746
5;8;CRECHE ESC.RECIFE;474;PRESIDENTE TANCREDO NEVES;26186322;DOUTOR JOSE RUFINO;1848;876;BARRO;;237;11;11;NÂO;;NÃO;NÃO;SIM;NÃO;ISLEIDE CRISTINA BARROS DA ROCHA;-34.93918;-8.09233
6;1;ESCOLA MUNICIPAL;146;ABILIO GOMES;26124092;BRUNO VELOZO;S/N;205;BOA VIAGEM;325,6;315;18;12;NÂO;12/12/2017;NÃO;NÃO;NÃO;NÃO;MARTA BEATRIZ DE ARAUJO;-34.90688;-8.12097
6;1;ESCOLA MUNICIPAL;144;ARTISTA PLASTICO CICERO DIAS;26171716;JOAO JOAQUIM DE MELO FILHO;26;884;COHAB;133;85;8;8;NÂO;4/5/2017;NÃO;NÃO;NÃO;NÃO;MARIA INEZ DA SILVA;-34.94963;-8.13238
6;1;ESCOLA MUNICIPAL;967;ASA BRANCA;26170639;MARIA ADELAIDE CASTELO BRANCO;55;884;COHAB;250,9;338;13;13;NÂO;28/8/2017;NÃO;SIM;SIM;NÃO;MARIA VILMA PERAZZO LEITE;-34.9493;-8.12412
6;1;ESCOLA MUNICIPAL;183;BEATO EUGENIO MAZENOD;26124467;LUXEMBURGO;303;264;IMBIRIBEIRA;541,6;330;16;11;SIM;;NÃO;NÃO;NÃO;NÃO;RUTH HELENA REINAUX DA SILVA;-34.91356;-8.10158
6;1;ESCOLA MUNICIPAL;107;CAPELA SANTO ANTONIO;26124483;SAO MARCOS;S/N;264;IMBIRIBEIRA;1420,7;151;14;8;NÂO;;NÃO;NÃO;NÃO;NÃO;WALKIRIA REJANE QUEIROZ ALVES DE GOIS;-34.90228;-8.08714
6;1;ESCOLA MUNICIPAL;997;CARLUCIO DE SOUZA CASTANHA JUNIOR;26171767;PERNAMBUCO;S/N;884;COHAB;1590,3;582;24;16;NÂO;;NÃO;NÃO;SIM;SIM;AGUINALDO GOMES DA SILVA FILHO;-34.94649;-8.12135
6;1;ESCOLA MUNICIPAL;016;CICERO FRANKLIN CORDEIRO;26124513;FELIPE DOS SANTOS;111;884;COHAB;1420,7;665;25;25;NÂO;14/2/2017;NÃO;SIM;SIM;SIM;BRUNO JUNIOR PAZ BARRETO;-34.95493;-8.13614
6;1;ESCOLA MUNICIPAL;037;CLARICE LISPECTOR;26190079;;S/N;213;IPSEP;;288;17;9;NÂO;;SIM;NÃO;SIM;SIM;DANIELLA CARLA JERONIMO DA SILVA;-34.92542;-8.1037
6;1;ESCOLA MUNICIPAL;213;CRISTIANO CORDEIRO;26133837;SANTOS;S/N;884;COHAB;1061,3;552;31;20;NÂO;;NÃO;NÃO;SIM;SIM;SANDRA MARIA ALBUQUERQUE GASPAR DE OLIVEIRA;-34.95374;-8.11499
6;1;ESCOLA MUNICIPAL;116;DE DOIS RIOS;26119129;IRMA MARIA EVANGELISTA;83;884;COHAB;703,9;306;17;12;SIM;28/8/2017;NÃO;NÃO;SIM;NÃO;CARLA CRISTIANE ALEXANDRE FERREIRA;-34.94465;-8.12692
6;1;ESCOLA MUNICIPAL;374;DEPUTADO EDSON CANTARELLI;26158329;RUBINEIA;49;230;IBURA;603,1;336;19;15;SIM;28/6/2017;NÃO;NÃO;SIM;SIM;ANDREA MARIA LINS DOS SANTOS BEZERRA;-34.93864;-8.1299
6;1;ESCOLA MUNICIPAL;033;DO JORDAO;26120704;SILVA JARDIM;175;221;JORDAO;397,8;239;14;12;NÂO;;NÃO;NÃO;SIM;NÃO;CRISTIANE MORAIS DA COSTA;-34.92899;-8.13902
6;1;ESCOLA MUNICIPAL;105;DO LEAO;26120712;BRUNO VELOSO;300;205;BOA VIAGEM;412;228;12;10;NÂO;;NÃO;NÃO;NÃO;NÃO;WANUSIA DE OLIVEIRA SILVA LIMA;-34.89878;-8.12157
6;1;ESCOLA MUNICIPAL;435;DONA LUCI SILVA LIMA;26181940;MONACO;1138;264;IMBIRIBEIRA;850;145;12;7;SIM;27/4/2017;NÃO;NÃO;NÃO;NÃO;HERMINIA LUISA CALADO GALINDO;-34.91667;-8.09875
6;1;ESCOLA MUNICIPAL;298;EDUCADOR PAULO FREIRE;26148161;GENERAL BENTO DA GAMA;301;213;IPSEP;1499,8;596;29;21;NÂO;;SIM;NÃO;SIM;SIM;PATRICIA CHAVES DA SILVA;-34.92373;-8.11032
6;1;ESCOLA MUNICIPAL;028;ENGENHEIRO GUILHERME DINIZ;26120607;TEREZA MARGARIDA;S/N;230;IBURA;860;489;23;18;NÂO;14/2/2017;NÃO;NÃO;SIM;SIM;ALESSANDRA MARIA MARQUES CUNHA GUIMARAES;-34.96153;-8.13425
6;1;ESCOLA MUNICIPAL;309;ENGENHEIRO HENOCH COUTINHO DE MELO;26155869;DAS OFICINAS;12;248;PINA;1090;394;26;14;NÂO;;NÃO;NÃO;SIM;SIM;ROBERTA FRAGA GAMEIRO;-34.88375;-8.08488
6;1;ESCOLA MUNICIPAL;114;ENGENHEIRO UMBERTO GONDIM;26120674;IVONETE FERREIRA DA SILVA;13;248;PINA;836,7;503;22;18;NÂO;;NÃO;NÃO;SIM;NÃO;EVANI CARVALHO NEVES;-34.88421;-8.0847
6;1;ESCOLA MUNICIPAL;447;ESCRITOR JOSUE DE CASTRO;26124955;CARAPEBA;S/N;256;BRASILIA TEIMOSA;;207;8;6;NÂO;;NÃO;NÃO;SIM;SIM;CENIRA ARAUJO AZEVEDO;-34.88195;-8.08436
6;1;ESCOLA MUNICIPAL;249;FERNANDO SANTA CRUZ;26132643;BOANERGES PEREIRA;437;221;JORDAO;260;132;6;6;NÂO;;NÃO;NÃO;NÃO;SIM;IVANEIDE FERREIRA DE PAULA;-34.9413;-8.1373
6;1;ESCOLA MUNICIPAL;245;FLORESTAN FERNANDES;26139090;RIO NOVO DO SUL;541;230;IBURA;1308,7;844;31;37;NÂO;22/2/2017;NÃO;NÃO;SIM;NÃO;ANA KARLA PEREIRA DA SILVA;-34.94247;-8.11578
6;1;ESCOLA MUNICIPAL;141;FUTURO FELIZ;26124610;IBIRAJUBA;440;230;IBURA;598,4;241;12;9;NÂO;;NÃO;NÃO;NÃO;NÃO;ARELI DA MOTA CUNHA;-34.95554;-8.1265
6;1;ESCOLA MUNICIPAL;926;IBURA DE BAIXO;26168227;RIO NOVO DO SUL;498;230;IBURA;348;346;17;13;NÂO;22/2/2017;NÃO;NÃO;NÃO;SIM;MERCIA GOMES DE MOURA;-34.94276;-8.11476
6;1;ESCOLA MUNICIPAL;069;INES SOARES DE LIMA;26134010;14 DE NOVEMBRO;S/N;264;IMBIRIBEIRA;450,3;230;17;13;SIM;;NÃO;NÃO;SIM;SIM;KEYLA MARIA BELTRAO DE SOUZA;-34.91247;-8.12066
6;1;ESCOLA MUNICIPAL;148;JARDIM MAURICEIA;26125480;NICOLAU COPERNICO;1107;264;IMBIRIBEIRA;500,9;216;14;13;NÂO;;NÃO;SIM;NÃO;SIM;CLAUDIA MARIA FELIPE DE ALMEIDA;-34.91488;-8.08937
6;1;ESCOLA MUNICIPAL;963;JARDIM MONTE VERDE;26170663;CHAPADA DO ARARIPE;39;884;COHAB;131,7;610;24;17;NÂO;;NÃO;NÃO;SIM;SIM;MARIA BERNADETE DA SILVA;-34.95868;-8.11694
6;1;ESCOLA MUNICIPAL;246;JORDAO BAIXO;26132635;GOVERNADOR ROBERTO SILVEIRA;52;221;JORDAO;490,5;139;8;6;SIM;28/6/2017;NÃO;NÃO;NÃO;SIM;TEREZINHA DE JESUS DE SOUZA GOMES;-34.93878;-8.13097
6;1;ESCOLA MUNICIPAL;954;JORDAO BAIXO - ANEXO I;26132635;GOVERNADOR ROBERTO DA SILVEIRA;52;221;JORDAO;490,5;128;6;6;SIM;28/6/2017;NÃO;NÃO;NÃO;NÃO;;-34.93887;-8.131
6;1;ESCOLA MUNICIPAL;372;JOSE MUCIO MONTEIRO;26164361;JOAO RIO BRANCO DE LIMA;125;230;IBURA;587,5;244;14;11;NÂO;10/2/2017;NÃO;NÃO;SIM;SIM;JOSE ROBERTO BARRETO BRANDER;-34.95291;-8.12746
6;1;ESCOLA MUNICIPAL;110;KARLA PATRICIA;26134002;PROFESSOR EDUARDO WANDERLEY FILHO;700;205;BOA VIAGEM;1711,9;654;35;27;NÂO;4/4/2018;NÃO;NÃO;SIM;SIM;CHRISTIANE MARINHO DA SILVA;-34.89594;-8.10903
6;1;ESCOLA MUNICIPAL;082;LAGOA ENCANTADA;26124114;DOUTOR BENIGNO JORDAO DE VASCONCELOS;S/N;884;COHAB;355,8;229;12;10;SIM;;SIM;NÃO;SIM;NÃO;SILEIDE MARIA GONCALVES DO NASCIMENTO;-34.95083;-8.12305
6;1;ESCOLA MUNICIPAL;015;LUIZ VAZ DE CAMOES;26119927;ERVAL;S/N;213;IPSEP;815,9;549;17;18;NÂO;;SIM;NÃO;SIM;SIM;JOAO MARCELINO DA COSTA MELO;-34.92133;-8.11025
6;1;ESCOLA MUNICIPAL;956;MAESTRO NELSON FERREIRA;26170671;AVELINO CHAVES;176;230;IBURA;262;138;6;4;SIM;;NÃO;NÃO;SIM;NÃO;CAMILLA VERUSKA SILVA REIS;-34.93585;-8.12546
6;1;ESCOLA MUNICIPAL;026;MARGARIDA SERPA COSSART;26124700;MECEJANA;09;884;COHAB;268,1;261;16;12;NÂO;6/2/2017;NÃO;NÃO;NÃO;NÃO;ANA MARIA FEITOSA APOLINARIO ROSAS;-34.95561;-8.11997
6;1;ESCOLA MUNICIPAL;031;MARIA ADELAIDE DE BARROS;26124688;ALTO ERVAL NOVO;S/N;884;COHAB;570,8;346;16;12;NÂO;14/2/2017;SIM;NÃO;NÃO;SIM;LEILA MARIA DE ALMEIDA SILVA PESSOA;-34.95336;-8.13887
6;1;ESCOLA MUNICIPAL;010;MARIA DE SAMPAIO LUCENA;26124556;PERNAMBUCO;S/N;884;COHAB;1162,9;611;19;23;NÂO;;SIM;NÃO;SIM;SIM;AMARO ANTONIO DA SILVA;-34.94625;-8.12099
6;1;ESCOLA MUNICIPAL;511;MENINO JESUS;26124840;DOMINGOS FERREIRA;S/N;248;PINA;240,2;152;6;6;NÂO;;NÃO;NÃO;NÃO;SIM;EROFLIM JOAO DE QUEIROZ;-34.887;-8.10028
6;1;ESCOLA MUNICIPAL;424;MILTON ALMEIDA DOS SANTOS;26419726;ITAUBA 2;227;264;IMBIRIBEIRA;290;140;12;12;NÂO;;NÃO;NÃO;SIM;NÃO;ANA LUZIA MOURA RAMOS;-34.90979;-8.11021
6;1;ESCOLA MUNICIPAL;150;NOSSA SENHORA DA PENHA;26134049;FRANCISCO DE BARROS BARRETO;109;205;BOA VIAGEM;344,6;257;15;13;NÂO;15/6/2017;NÃO;NÃO;SIM;NÃO;ALEXANDRA LIMA DA PAIXAO STURIALE;-34.90474;-8.12981
6;1;ESCOLA MUNICIPAL;112;NOVO PINA;26119994;EURICO VITRUVIO;236;248;PINA;494,1;463;23;20;NÂO;;SIM;NÃO;SIM;SIM;WALESKA BASTOS BARROS;-34.88789;-8.09227
6;1;ESCOLA MUNICIPAL;121;OSWALDO LIMA FILHO;26125510;ENGENHEIRO DOMINGOS FERREIRA;1040;248;PINA;1396;644;27;30;NÂO;;SIM;NÃO;SIM;SIM;ELMA MARIA DOS PRAZERES MOTA CAVALCANTI;-34.88687;-8.09887
6;1;ESCOLA MUNICIPAL;070;PAIS E FILHOS;26125528;DANCING DAYS;21;264;IMBIRIBEIRA;500,1;371;22;14;SIM;27/4/2017;NÃO;NÃO;NÃO;NÃO;EVELINE BEZERRIL CAMPOS FELL;-34.91801;-8.10386
6;1;ESCOLA MUNICIPAL;348;PASTOR JOSE MUNGUBA SOBRINHO;26157888;SILVA JARDIM;145;221;JORDAO;620;311;14;12;NÂO;;NÃO;NÃO;SIM;NÃO;ROSINALVA MONTEIRO DA SILVA;-34.9287;-8.1395
6;1;ESCOLA MUNICIPAL;491;PAZ E AMOR;26187957;JORNALISTA EDSOU REGIS;216;230;IBURA;;136;10;8;NÂO;;NÃO;NÃO;NÃO;NÃO;OZANIRA MARIA PEREIRA GOMES DA SILVA;-34.93013;-8.11401
6;1;ESCOLA MUNICIPAL;106;PINTOR LULA CARDOSO AYRES;26132249;DR ALVARO FERRAZ;594;221;JORDAO;465,6;283;14;11;NÂO;;NÃO;NÃO;SIM;SIM;FLORISMAM LIMA DE OLIVEIRA ALBERTIN;-34.93793;-8.13119
6;1;ESCOLA MUNICIPAL;928;POETA JOAO CABRAL DE MELO NETO;26168138;ENCANTA MOCA;377;248;PINA;596,3;330;14;11;SIM;;NÃO;NÃO;NÃO;SIM;CINTHIA FERREIRA DA SILVA;-34.88595;-8.09165
6;1;ESCOLA MUNICIPAL;164;POETA PAULO BANDEIRA DA CRUZ;26125544;DAS PANELAS;28;884;COHAB;1572,5;541;24;17;SIM;6/2/2017;NÃO;NÃO;NÃO;SIM;MARIA ANDREZA CABRAL DA SILVA;-34.95548;-8.12192
6;1;ESCOLA MUNICIPAL;108;PROF JOSE LOURENCO DE LIMA;26125560;NOVA AMERICA;168;230;IBURA;950,9;342;16;11;NÂO;;NÃO;NÃO;SIM;SIM;ANA MARIA TRAJANO DE VASCONCELOS;-34.94104;-8.12213
6;1;ESCOLA MUNICIPAL;032;PROFESSOR ADAUTO PONTES;26125552;SERTANIA;35;221;JORDAO;573;276;12;9;NÂO;;NÃO;NÃO;NÃO;NÃO;SIMONE SIQUEIRA FRANKLIN;-34.9448;-8.13541
6;1;ESCOLA MUNICIPAL;336;PROFESSOR ENALDO MANOEL DE SOUZA;26153297;JURACY CAMARGO;S/N;221;JORDAO;1511,2;432;19;15;NÂO;;NÃO;NÃO;SIM;SIM;AMANDA LIZETE ARAUJO ROCHA;-34.94008;-8.1349
6;1;ESCOLA MUNICIPAL;373;PROFESSOR JULIO DE OLIVEIRA;26158299;DEZESSEIS;S/N;264;IMBIRIBEIRA;1889,8;447;22;17;NÂO;;NÃO;SIM;SIM;SIM;IZABEL CRISTINA DOS SANTOS SOARES SANTANA;-34.90866;-8.09935
6;1;ESCOLA MUNICIPAL;127;PROFESSOR MANOEL TORRES;26124661;JOAQUIM PINHEIRO;225;264;IMBIRIBEIRA;305,1;561;26;21;SIM;;NÃO;NÃO;SIM;SIM;ADELIA XIMENES SALES DA PAZ;-34.91132;-8.12672
6;1;ESCOLA MUNICIPAL;375;PROFESSOR ORLANDO PARAHYM;26158370;SOLDADO VIRGILIO LUCIO;104;884;COHAB;430,7;205;12;9;NÂO;;NÃO;NÃO;NÃO;NÃO;ROSANGELA CRISTINE JARDIM DE LIMA;-34.94729;-8.12759
6;1;ESCOLA MUNICIPAL;188;PROFESSOR SIMOES BARBOSA;26124815;DOIS RIOS;S/N;230;IBURA;966,1;610;29;19;SIM;;NÃO;NÃO;NÃO;SIM;SILVIA PATRICIA BEZERRA ROCHA;-34.93976;-8.11504
6;1;ESCOLA MUNICIPAL;341;PROFESSOR SOLANO MAGALHAES;26154820;JEMIL ASFORA;S/N;248;PINA;1161,1;402;20;17;NÂO;;SIM;NÃO;SIM;SIM;MARIA DA CONCEICAO CUNHA CORDEIRO DE MELO;-34.89345;-8.0879
6;1;ESCOLA MUNICIPAL;088;PROFESSORA SONIA MARIA DE ARAUJO SOUZA;26120585;BODOCO;2526;221;JORDAO;374,6;204;15;13;NÂO;;NÃO;NÃO;SIM;NÃO;GENEDI MARIA DA SILVA;-34.94257;-8.13698
6;1;ESCOLA MUNICIPAL;186;SAO FRANCISCO DE ASSIS;26125579;COSMORAMA;900;205;BOA VIAGEM;465,9;276;20;16;SIM;6/9/2017;NÃO;NÃO;NÃO;NÃO;MARIA GORETH NUNES DE OLIVEIRA;-34.91281;-8.14522
6;1;ESCOLA MUNICIPAL;360;SERRA DA PRATA;26167808;PESSEGUEIROS;20;884;COHAB;164;147;10;8;NÂO;10/2/2017;NÃO;NÃO;NÃO;NÃO;ELAINE JAQUELINE DIAS DA SILVA SANTOS;-34.95465;-8.13126
6;1;ESCOLA MUNICIPAL;247;SEVERINA BERNADETE TEIXEIRA;26134067;IBICARE;120;884;COHAB;718;356;18;12;SIM;;NÃO;NÃO;NÃO;NÃO;WAGNER DE ASSIS BATISTA;-34.95666;-8.12467
6;1;ESCOLA MUNICIPAL;025;TRES CARNEIROS;26119196;IBIRAJA;12;884;COHAB;563,5;323;16;12;SIM;6/9/2017;NÃO;NÃO;SIM;NÃO;CRISTIANE LINS CAMPELO DE ALBUQUERQUE BARBOSA;-34.9599;-8.12552
6;1;ESCOLA MUNICIPAL;929;UR 05;26167840;DESEMBARGADOR THOMAZ CYRILO WANDERLEY;127;884;COHAB;178,1;177;12;11;NÂO;4/5/2017;NÃO;NÃO;NÃO;NÃO;MANALI CLEMENTINA DOS SANTOS;-34.95039;-8.13367
6;1;ESCOLA MUNICIPAL;103;VILA OPERARIA DO RECIFE;26120283;EMILIO MONTEIRO FONSECA;1530;230;IBURA;725,1;334;14;13;NÂO;;NÃO;NÃO;SIM;NÃO;MIRIAN ROSELE GUIMARAES COSTA;-34.93632;-8.12417
6;1;ESCOLA MUNICIPAL;030;VILA SESAMO;26121158;VALE DO CARIRI;290;884;COHAB;852,7;719;29;30;NÂO;4/5/2017;NÃO;NÃO;SIM;NÃO;ANA PAULA DE ARAUJO CAVALCANTI DE BARROS;-34.95012;-8.13371
6;1;ESCOLA MUNICIPAL;434;14 BIS;26124173;ALMIRANTE NELSO FERNANDES;SN;205;BOA VIAGEM;850;329;14;12;NÂO;15/6/2017;NÃO;SIM;NÃO;SIM;MERCIA GRAZIELA DA SILVA RODRIGUES DE ASSUMPCAO;-34.90856;-8.13161
6;1;ESCOLA MUNICIPAL;133;27 DE NOVEMBRO;26154846;DOZE DE JUNHO;1120;884;COHAB;392,1;256;12;10;SIM;;NÃO;NÃO;NÃO;SIM;RENATA MICHELLE DA SILVA;-34.9537;-8.11157
6;2;CRECHE MUNICIPAL;994;ARITANA;26171643;MANOEL CAVALCANTI BEZERRA;37;264;IMBIRIBEIRA;181,8;54;3;3;NÂO;;NÃO;NÃO;NÃO;NÃO;NEUZA SANTOS DE OLIVEIRA VIEIRA;-34.90653;-8.10895
6;2;CRECHE MUNICIPAL;117;CRECHE CRISTO REI JORDAO ALTO;26190656;;200;221;JORDAO;;67;4;4;NÂO;;NÃO;NÃO;NÃO;NÃO;SUELEN KARLA RODRIGUES DA SILVA;;
6;2;CRECHE MUNICIPAL;989;CRECHE MUNICIPAL DO JORDAO BAIXO;26156695;SAO JOSE DA LAGE;19;230;IBURA;674;92;6;6;NÂO;;NÃO;NÃO;NÃO;NÃO;BRENIO ALVES DA SILVA;-34.94123;-8.12696
6;2;CRECHE MUNICIPAL;546;PADRE LOURENCO;26153467;CONDE PEREIRA CARNEIRO;172;264;IMBIRIBEIRA;380,4;91;5;5;NÂO;;NÃO;NÃO;NÃO;NÃO;MARIA DA CONCEICAO SILVA DE BRITO;-34.91042;-8.10834
6;2;CRECHE MUNICIPAL;543;SENADOR PAULO GUERRA;26153440;ENGENHO CANTO ALEGRE;S/N;264;IMBIRIBEIRA;644,6;182;9;10;NÂO;;NÃO;NÃO;NÃO;NÃO;LINDINALVA VASCONCELOS DOS SANTOS;-34.90497;-8.08849
6;2;CRECHE MUNICIPAL;978;SITIO GRANDE;26170728;PADRE CARLOS LEONCIO;123;264;IMBIRIBEIRA;370,1;80;7;7;NÂO;27/4/2017;NÃO;NÃO;SIM;NÃO;ADRIANA BEZERRA DA SILVA;-34.91494;-8.0985
6;2;CRECHE MUNICIPAL;708;SONHO DE CRIANCA;26171678;TEOTONIO DE MELO FILHO;218;230;IBURA;371,4;91;6;6;NÂO;;NÃO;NÃO;NÃO;NÃO;ADMILSON SOARES DE BARROS;-34.93519;-8.11299
6;2;CRECHE MUNICIPAL;544;SONHO DO POVO;26153068;CORDILHEIRA;S/N;884;COHAB;280,8;78;4;4;SIM;;NÃO;NÃO;NÃO;NÃO;ANA CRISTINA BEZERRA DA SILVA;-34.9455;-8.11908
6;2;CRECHE MUNICIPAL;387;VILA DOS MILAGRES;26177820;SAO MIGUEL;14;884;COHAB;108,2;37;3;2;NÂO;;NÃO;NÃO;NÃO;NÃO;FERNANDA DUARTE DA SILVA SEABRA;-34.94544;-8.11512
6;2;CRECHE MUNICIPAL;432;ZILDA ARNS;26180685;ANTONIO PAES BARRETO;S/N;264;IMBIRIBEIRA;302;42;3;3;NÂO;;NÃO;NÃO;SIM;NÃO;FLAVIA THAIS DOS SANTOS;-34.90531;-8.11498
6;2;CRECHE MUNICIPAL;450;08 DE MARCO;26183277;ENGENHO BULHOES;S/N;230;IBURA;850;167;8;7;NÂO;22/2/2017;NÃO;NÃO;SIM;NÃO;SANDRA CARLA PEREIRA DAS CHAGAS;-34.93716;-8.11513
6;5;CMEI;418;BERNARD VAN DER LEER;26124165;FRANCISCO VALPASSOS;SN;256;BRASILIA TEIMOSA;1480,1;431;18;16;NÂO;;NÃO;NÃO;SIM;NÃO;MERCEDES SILVEIRA VASCONCELOS DIAS;-34.88316;-8.08532
6;5;CMEI;542;BRASILIA TEIMOSA;26153122;DELFIM;55;256;BRASILIA TEIMOSA;727,7;124;7;6;NÂO;;NÃO;NÃO;NÃO;NÃO;CRISTIANE MERCIA ROSA DE VASCONCELOS;-34.87819;-8.08036
6;5;CMEI;530;CMEI NOVO PINA;26157551;EURICO VITRUVIO;S/N;248;PINA;;136;8;8;NÂO;;NÃO;NÃO;NÃO;NÃO;FABIANA MIRANDA MISAEL;-34.88776;-8.09147
6;5;CMEI;403;ESTRELA DA MANHA;26212609;DANCING DAYS;135;264;IMBIRIBEIRA;331,6;77;5;5;NÂO;27/4/2017;NÃO;NÃO;SIM;NÃO;MARIZELIA ALVES DE ARRUDA;-34.92217;-8.1027
6;5;CMEI;545;JESUS DE NAZARE;26153270;ANGATUBA;S/N;230;IBURA;169;125;6;6;NÂO;;NÃO;NÃO;NÃO;NÃO;ANDREA CRISTINA DE OLIVEIRA SILVA;-34.94224;-8.12921
6;8;CRECHE ESC.RECIFE;498;CRECHE ESCOLA CRISTO REI;;RUA SERTANIA;200;221;JORDAO;;0;0;0;NÂO;;NÃO;NÃO;NÃO;NÃO;;-34.94507;-8.13546
6;8;CRECHE ESC.RECIFE;990;CRECHE ESCOLA RECIFE DO IBURA;26156610;EXPEDICIONARIO FRANCISCO VITORIANO;S/N;230;IBURA;1200;202;10;9;NÂO;;NÃO;NÃO;NÃO;NÃO;ROSEANE MARIA DA SILVA;-34.9493;-8.13415
6;8;CRECHE ESC.RECIFE;601;CRISTO REI DO JORDÃO ALTO;26120004;SERTÃNIA;200;221;JORDAO;;0;0;0;NÂO;;NÃO;NÃO;NÃO;NÃO;;-34.94507;-8.13546
6;8;CRECHE ESC.RECIFE;455;GOVERNADOR EDUARDO CAMPOS;26185679;VALE DO CARIRI;S/N;884;COHAB;;146;8;7;NÂO;4/5/2017;NÃO;NÃO;NÃO;NÃO;VALERIA ALVARENGA TAUMATURGO SILVA;-34.9486;-8.13199
6;8;CRECHE ESC.RECIFE;496;JOSE DE SOUZA FERRAZ;26190567;RUA JACUNDA;573;213;IPSEP;;209;10;9;NÂO;;NÃO;NÃO;NÃO;NÃO;BIANCA CHAVES CABRAL;-34.92147;-8.10936
6;8;CRECHE ESC.RECIFE;492;MAURICEIA DA SILVA DIAS;26188368;PRESIDENTE MEDICI;SN;876;BARRO;;182;8;6;NÂO;;NÃO;NÃO;SIM;NÃO;GLAYCE KARINY GONCALVES SILVA FERREIRA;;
